type,lat,lon,start_year,life_years,total_mass_ton,area_m2,volume_m3,annual_msw_ton,annual_ch4_tonnes,annual_co2e_tonnes
Nesanitarne deponije,45.29047,20.02215,1988,37,60199.0,60199.0,150497.5,1627.0,1.59,39.65
Nesanitarne deponije,45.22377,20.0215,1989,36,105552.0,105552.0,263880.0,2932.0,2.81,70.33
Nesanitarne deponije,45.18149,20.04076,1990,35,38570.0,38570.0,96425.0,1102.0,1.04,26.0
Nesanitarne deponije,44.6998136,21.5859578,1995,30,120000.0,120000.0,300000.0,4000.0,3.43,85.78
Nesanitarne deponije,42.3821709,22.0594989,1992,33,51447.0,51447.0,128617.5,1559.0,1.42,35.5
Nesanitarne deponije,44.477232,19.822436,1980,45,472500.0,472500.0,1181250.0,10500.0,11.38,284.39
Nesanitarne deponije,44.38174,20.20693,2004,21,144300.0,144300.0,360750.0,6871.43,4.59,114.77
Nesanitarne deponije,44.45318,19.422962,1994,31,0.0,0.0,0.0,0.0,0.0,0.0
Nesanitarne deponije,45.375949,19.2052207,1990,35,167650.0,167650.0,419125.0,4790.0,4.52,113.0
Nesanitarne deponije,44.5931,21.2322,2006,19,42.09,42.08,105.21,2.21,0.0,0.03
Nesanitarne deponije,43.7195,21.389,1980,45,225000.0,225000.0,562500.0,5000.0,5.42,135.42
Nesanitarne deponije,43.035496,20.425255,1999,26,1170000.0,1170000.0,2925000.0,45000.0,35.08,877.12
Nesanitarne deponije,45.6895345,19.6988385,1990,35,10080.0,10080.0,25200.0,288.0,0.27,6.79
Nesanitarne deponije,45.7958676,20.1013361,1985,40,340000.0,340000.0,850000.0,8500.0,8.66,216.38
Nesanitarne deponije,45.615375,19.736438,2006,19,399000.0,399000.0,997500.0,21000.0,12.99,324.72
Nesanitarne deponije,43.8136797,20.0429123,1975,50,37400.0,37400.0,93500.0,748.0,0.85,21.33
Nesanitarne deponije,43.026099,22.812156,1970,55,27500.0,27500.0,68750.0,500.0,0.6,14.88
Nesanitarne deponije,43.182,22.569,1990,35,0.0,0.0,0.0,0.0,0.0,0.0
Nesanitarne deponije,43.109,22.56,2010,15,30000.0,30000.0,75000.0,2000.0,1.02,25.49
Nesanitarne deponije,43.2435,19.382,1972,53,556500.0,556500.0,1391250.0,10500.0,12.3,307.48
Nesanitarne deponije,43.46204,20.061617,1965,60,39.0,39.0,97.5,0.65,0.0,0.02
Nesanitarne deponije,45.12371,20.171451,1989,36,121680.0,121680.0,304200.0,3380.0,3.24,81.07
Nesanitarne deponije,45.016111,19.846553,1984,41,738000.0,738000.0,1845000.0,18000.0,18.58,464.4
Nesanitarne deponije,45.0,19.0,1974,51,0.0,0.0,0.0,0.0,0.0,0.0
Nesanitarne deponije,45.0,19.0,1974,51,765000.0,765000.0,1912500.0,15000.0,17.27,431.63
Nesanitarne deponije,45.592039,20.046126,1965,60,1200000.0,1200000.0,3000000.0,20000.0,24.7,617.51
Nesanitarne deponije,44.7743084,19.4726886,1990,35,140160.0,140160.0,350400.0,4004.57,3.78,94.47
Nesanitarne deponije,44.833814,19.4535269,1990,35,187200.0,187200.0,468000.0,5348.57,5.05,126.18
Nesanitarne deponije,44.56,22.56,1997,28,238000.0,238000.0,595000.0,8500.0,6.97,174.22
Nesanitarne deponije,44.239864,22.556559,1959,66,528000.0,528000.0,1320000.0,8000.0,10.25,256.33
Nesanitarne deponije,45.4239165,19.8547558,1965,60,401500.0,401500.0,1003750.0,6691.67,8.26,206.61
Nesanitarne deponije,44.404548,21.946732,2004,21,37380.0,37380.0,93450.0,1780.0,1.19,29.73
Nesanitarne deponije,45.479018,19.261676,1999,26,332800.0,332800.0,832000.0,12800.0,9.98,249.49
Nesanitarne deponije,46.089054,20.017072,1981,44,0.0,0.0,0.0,0.0,0.0,0.0
Nesanitarne deponije,44.632601,19.789862,1994,31,65100.0,65100.0,162750.0,2100.0,1.84,45.99
Nesanitarne deponije,43.3999438,21.0383712,1969,56,208000.0,208000.0,520000.0,3714.29,4.46,111.43
Nesanitarne deponije,45.6043274,20.1837872,1951,74,663040.0,663040.0,1657600.0,8960.0,11.96,298.97
Nesanitarne deponije,44.0,21.0,1980,45,328000.0,328000.0,820000.0,7288.89,7.9,197.42
Nesanitarne deponije,45.246702,19.499267,1984,41,1845000.0,1845000.0,4612500.0,45000.0,46.44,1161.01
Nesanitarne deponije,45.0,18.0,1978,47,399500.0,399500.0,998750.0,8500.0,9.41,235.26
Nesanitarne deponije,42.324183,21.633724,1995,30,222600.0,222600.0,556500.0,7420.0,6.36,159.12
Nesanitarne deponije,43.7460333,19.7044344,1981,44,0.0,0.0,0.0,0.0,0.0,0.0
Nesanitarne deponije,43.7105736,19.6739422,2002,23,154.0,154.0,385.0,6.7,0.0,0.12
Nesanitarne deponije,43.459331,19.796631,1986,39,156000.0,156000.0,390000.0,4000.0,4.02,100.42
Nesanitarne deponije,44.0,21.0,1964,61,0.0,0.0,0.0,0.0,0.0,0.0
Nesanitarne deponije,44.1,21.3,1995,30,380.0,380.0,950.0,12.67,0.01,0.27
Nesanitarne deponije,43.5672622,21.6806705,1989,36,385200.0,385200.0,963000.0,10700.0,10.27,256.64
Nesanitarne deponije,42.676906,22.056099,1970,55,0.0,0.0,0.0,0.0,0.0,0.0
Nesanitarne deponije,45.9406629,20.1653909,1996,29,110200.0,110200.0,275500.0,3800.0,3.19,79.72
Nesanitarne deponije,44.1143,21.731,1992,33,2040.0,2040.0,5100.0,61.82,0.06,1.41
Nesanitarne deponije,44.8511724,21.0400591,1950,75,62400.0,62400.0,156000.0,832.0,1.12,27.89
Nesanitarne deponije,43.65,21.82,1970,55,572000.0,572000.0,1430000.0,10400.0,12.38,309.57
Nesanitarne deponije,43.291414,20.6367963,1984,41,287000.0,287000.0,717500.0,7000.0,7.22,180.6
Nesanitarne deponije,45.362196,19.311885,1987,38,38000.0,38000.0,95000.0,1000.0,0.99,24.74
Nesanitarne deponije,45.73294,19.372397,1990,35,106400.0,106400.0,266000.0,3040.0,2.87,71.72
Nesanitarne deponije,44.7467258,20.9630099,1980,45,466110.0,466110.0,1165275.0,10358.0,11.22,280.55
Nesanitarne deponije,44.7457,21.5464,1992,33,199056.0,199056.0,497640.0,6032.0,5.49,137.34
Nesanitarne deponije,44.8665327,20.977646,2010,15,12480.0,12480.0,31200.0,832.0,0.42,10.6
Nesanitarne deponije,45.4124,19.2526,1976,49,318500.0,318500.0,796250.0,6500.0,7.34,183.57
Nesanitarne deponije,44.8301833,20.8673946,1950,75,124800.0,124800.0,312000.0,1664.0,2.23,55.77
Nesanitarne deponije,44.7147421,20.8746521,2003,22,18304.0,18304.0,45760.0,832.0,0.58,14.39
Nesanitarne deponije,45.3337,19.3256,1990,35,29400000.0,29400000.0,73500000.0,840000.0,792.67,19816.74
Nesanitarne deponije,44.7849088,21.071952,1950,75,62400.0,62400.0,156000.0,832.0,1.12,27.89
Nesanitarne deponije,43.2356538,21.5980195,1992,33,0.0,0.0,0.0,0.0,0.0,0.0
Nesanitarne deponije,44.8023496,21.2041897,1950,75,62400.0,62400.0,156000.0,832.0,1.12,27.89
Nesanitarne deponije,44.904343,21.382778,1994,31,198400.0,198400.0,496000.0,6400.0,5.61,140.16
Nesanitarne deponije,44.7701096,20.9094028,1950,75,62400.0,62400.0,156000.0,832.0,1.12,27.89
Nesanitarne deponije,45.0,20.0,1991,34,1230800.0,1230800.0,3077000.0,36200.0,33.57,839.34
Nesanitarne deponije,42.52613,21.91062,1962,63,0.0,0.0,0.0,0.0,0.0,0.0
Nesanitarne deponije,43.7845,20.2703,1982,43,0.0,0.0,0.0,0.0,0.0,0.0
Nesanitarne deponije,45.3631842,19.6180128,1985,40,47200.0,47200.0,118000.0,1180.0,1.2,30.04
Nesanitarne deponije,46.079331,19.686445,1978,47,2350000.0,2350000.0,5875000.0,50000.0,55.36,1383.9
Nesanitarne deponije,44.4770813,20.0894164,1965,60,547500.0,547500.0,1368750.0,9125.0,11.27,281.74
Nesanitarne deponije,44.4197145,20.3699057,2011,14,420.0,420.0,1050.0,30.0,0.01,0.36
Nesanitarne deponije,43.2884718,21.8854718,1968,57,5860683.0,5860683.0,14651707.5,102819.0,124.31,3107.85
Nesanitarne deponije,43.043,21.5106,2000,25,54405.0,54405.0,136012.5,2176.2,1.65,41.27
Nesanitarne deponije,43.1409,21.5126,2003,22,51636.0,51636.0,129090.0,2347.09,1.62,40.59
Nesanitarne deponije,42.5813,21.5606,1980,45,424945.0,424945.0,1062362.5,9443.22,10.23,255.77
Nesanitarne deponije,45.311,19.842295,1963,62,24031823.72,24031823.72,60079559.3,387610.06,485.02,12125.46
Nesanitarne deponije,43.021,21.5726,1988,37,182580.0,182580.0,456450.0,4934.59,4.81,120.25
Nesanitarne deponije,45.787467,19.618383,1987,38,114000.0,114000.0,285000.0,3000.0,2.97,74.22
Nesanitarne deponije,43.45,21.02,1970,55,259105.0,259105.0,647762.5,4711.0,5.61,140.23
Nesanitarne deponije,45.2017398,19.7038667,1970,55,247500.0,247500.0,618750.0,4500.0,5.36,133.95
Nesanitarne deponije,43.6479494,21.2851516,1984,41,1845000.0,1845000.0,4612500.0,45000.0,46.44,1161.01
Nesanitarne deponije,43.976582,21.276852,1970,55,0.0,0.0,0.0,0.0,0.0,0.0
Nesanitarne deponije,43.580309,22.262006,1950,75,750000.0,750000.0,1875000.0,10000.0,13.41,335.16
Nesanitarne deponije,44.651648,20.951778,1971,54,2160000.0,2160000.0,5400000.0,40000.0,47.24,1181.12
Nesanitarne deponije,45.3540472,20.3644608,1986,39,1560000.0,1560000.0,3900000.0,40000.0,40.17,1004.16
Nesanitarne deponije,43.5995715,20.9820633,1991,34,302600.0,302600.0,756500.0,8900.0,8.25,206.36
Nesanitarne deponije,45.895785,20.103254,2002,23,60900.0,60900.0,152250.0,2647.83,1.89,47.31
Nesanitarne deponije,45.136345,19.203782,1982,43,545584.0,545584.0,1363960.0,12688.0,13.43,335.72
Nesanitarne deponije,43.6652,21.5625875,1986,39,42900.0,42900.0,107250.0,1100.0,1.1,27.61
Nesanitarne deponije,43.720387,21.3889681,1986,39,234000.0,234000.0,585000.0,6000.0,6.02,150.62
Nesanitarne deponije,44.4646783,21.679741,2002,23,45540.0,45540.0,113850.0,1980.0,1.42,35.38
Nesanitarne deponije,43.3062479,21.3246058,1977,48,268800.0,268800.0,672000.0,5600.0,6.26,156.59
Nesanitarne deponije,43.8781763,21.3475269,1975,50,1017500.0,1017500.0,2543750.0,20350.0,23.21,580.21
Nesanitarne deponije,44.3825454,20.9979128,1990,35,0.0,0.0,0.0,0.0,0.0,0.0
Nesanitarne deponije,45.0888835,20.0496178,1981,44,682000.0,682000.0,1705000.0,15500.0,16.6,415.04
Nesanitarne deponije,43.126827,21.221966,2003,22,175780.0,175780.0,439450.0,7990.0,5.53,138.18
Nesanitarne deponije,44.034167,20.931949,1968,57,10590933.56,10590933.56,26477333.91,185805.85,224.65,5616.25
Nesanitarne deponije,44.54,19.2,1965,60,1800000.0,1800000.0,4500000.0,30000.0,37.05,926.26
Nesanitarne deponije,43.88001,20.38266,1973,52,0.0,0.0,0.0,0.0,0.0,0.0
Nesanitarne deponije,44.8861517,20.6257616,1964,61,2667940.0,2667940.0,6669850.0,43736.72,54.38,1359.4
Nesanitarne deponije,43.73,20.71,1971,54,1994097.0,1994097.0,4985242.5,36927.72,43.62,1090.4
Nesanitarne deponije,45.044369,20.860375,2000,25,25000.0,25000.0,62500.0,1000.0,0.76,18.97
Nesanitarne deponije,45.060005,21.018658,2000,25,37500.0,37500.0,93750.0,1500.0,1.14,28.45
Nesanitarne deponije,43.966106,22.357016,1965,60,1191000.0,1191000.0,2977500.0,19850.0,24.52,612.88
Nesanitarne deponije,43.983624,19.939454,1981,44,7500.0,7500.0,18750.0,170.45,0.18,4.56
Nesanitarne deponije,45.090889,20.979096,2000,25,37500.0,37500.0,93750.0,1500.0,1.14,28.45
Nesanitarne deponije,44.729943,21.193231,1985,40,123907.2,123907.2,309768.0,3097.68,3.15,78.86
Nesanitarne deponije,44.643901,21.179896,1989,36,1232404.98,1232404.98,3081012.45,34233.47,32.84,821.1
Nesanitarne deponije,44.2700821,20.6796526,1970,55,440000.0,440000.0,1100000.0,8000.0,9.53,238.13
Nesanitarne deponije,45.2363348,21.1289255,1980,45,87750.0,87750.0,219375.0,1950.0,2.11,52.82
Nesanitarne deponije,42.48678,22.48848,1974,51,178500.0,178500.0,446250.0,3500.0,4.03,100.71
Nesanitarne deponije,43.9368,20.7338,1981,44,264.0,264.0,660.0,6.0,0.01,0.16
Nesanitarne deponije,43.858029,19.872087,1973,52,163800.0,163800.0,409500.0,3150.0,3.66,91.45
Nesanitarne deponije,43.2965,19.9378,2008,17,25500.0,25500.0,63750.0,1500.0,0.85,21.22
Nesanitarne deponije,42.714218,22.140422,1981,44,318780.0,318780.0,796950.0,7245.0,7.76,194.0
Nesanitarne deponije,42.4572,21.79063,2015,10,35000.0,35000.0,87500.0,3500.0,1.24,30.92
Nesanitarne deponije,42.456956,21.785286,1993,32,0.0,0.0,0.0,0.0,0.0,0.0
Nesanitarne deponije,44.269656,19.9249978,1990,35,1330000.0,1330000.0,3325000.0,38000.0,35.86,896.47
Nesanitarne deponije,43.678714,20.86053,2015,10,200000.0,200000.0,500000.0,20000.0,7.07,176.69
Nesanitarne deponije,44.62,20.2,1985,40,2800000.0,2800000.0,7000000.0,70000.0,71.28,1781.98
Nesanitarne deponije,45.2926441,21.2926441,1966,59,2360000.0,2360000.0,5900000.0,40000.0,49.06,1226.57
Nesanitarne deponije,43.4576345,22.2032516,1987,38,152570.0,152570.0,381425.0,4015.0,3.97,99.34
Nesanitarne deponije,44.2344272,20.3964209,1987,38,27200.0,27200.0,68000.0,715.79,0.71,17.71
Nesanitarne deponije,43.2884718,21.8854718,1968,57,5860683.0,5860683.0,14651707.5,102819.0,124.31,3107.85
Nesanitarne deponije,44.4022255,19.3312337,1980,45,43956.0,43956.0,109890.0,976.8,1.06,26.46
Nesanitarne deponije,44.7862355,20.5955171,1977,48,85145359.74,85145359.74,212863399.35,1773861.66,1984.1,49602.49
Nesanitarne deponije,43.5234,21.0821,1983,42,63000.0,63000.0,157500.0,1500.0,1.57,39.2
Nesanitarne deponije,45.222989,20.7940327,2011,14,142800.0,142800.0,357000.0,10200.0,4.9,122.52
Nesanitarne deponije,44.818424,20.081981,2010,15,105000.0,105000.0,262500.0,7000.0,3.57,89.22
Nesanitarne deponije,45.8621904,19.1159462,1991,34,1122000.0,1122000.0,2805000.0,33000.0,30.61,765.14
Nesanitarne deponije,44.06742,22.13158,1990,35,545370.0,545370.0,1363425.0,15582.0,14.7,367.6
Nesanitarne deponije,43.0,22.0,1980,45,4500.0,4500.0,11250.0,100.0,0.11,2.71
Nesanitarne deponije,44.0,21.0,1970,55,550000.0,550000.0,1375000.0,10000.0,11.91,297.67
Nesanitarne deponije,43.807785,21.872181,1994,31,96906.0,96906.0,242265.0,3126.0,2.74,68.46
Nesanitarne deponije,46.075846,20.1027,1984,41,190117.0,190117.0,475292.5,4637.0,4.79,119.64
Nesanitarne deponije,43.8781763,21.3475269,1975,50,1060000.0,1060000.0,2650000.0,21200.0,24.18,604.44
Nesanitarne deponije,43.109,22.56,2010,15,30000.0,30000.0,75000.0,2000.0,1.02,25.49
Nesanitarne deponije,43.182,22.569,1990,35,0.0,0.0,0.0,0.0,0.0,0.0
Nesanitarne deponije,45.2017398,19.7038667,1970,55,330000.0,330000.0,825000.0,6000.0,7.14,178.6
Nesanitarne deponije,45.090889,20.979096,2000,25,85000.0,85000.0,212500.0,3400.0,2.58,64.49
Nesanitarne deponije,45.044369,20.860375,2000,25,48725.0,48725.0,121812.5,1949.0,1.48,36.97
Nesanitarne deponije,45.060005,21.018658,2000,25,59525.0,59525.0,148812.5,2381.0,1.81,45.16
Nesanitarne deponije,43.45,21.02,1970,55,265595.0,265595.0,663987.5,4829.0,5.75,143.74
Nesanitarne deponije,45.787467,19.618383,1987,38,117800.0,117800.0,294500.0,3100.0,3.07,76.7
Nesanitarne deponije,45.615375,19.736438,2006,19,399000.0,399000.0,997500.0,21000.0,12.99,324.72
Nesanitarne deponije,45.222989,20.7940327,2011,14,147000.0,147000.0,367500.0,10500.0,5.04,126.12
Nesanitarne deponije,45.3631842,19.6180128,1985,40,47360.0,47360.0,118400.0,1184.0,1.21,30.14
Nesanitarne deponije,44.8665327,20.977646,2010,15,16950.0,16950.0,42375.0,1130.0,0.58,14.4
Nesanitarne deponije,44.8511724,21.0400591,1950,75,73500.0,73500.0,183750.0,980.0,1.31,32.85
Nesanitarne deponije,44.7467258,20.9630099,1980,45,548100.0,548100.0,1370250.0,12180.0,13.2,329.89
Nesanitarne deponije,44.7701096,20.9094028,1950,75,121500.0,121500.0,303750.0,1620.0,2.17,54.3
Nesanitarne deponije,44.7147421,20.8746521,2003,22,20900.0,20900.0,52250.0,950.0,0.66,16.43
Nesanitarne deponije,44.8301833,20.8673946,1950,75,138750.0,138750.0,346875.0,1850.0,2.48,62.01
Nesanitarne deponije,44.8023496,21.2041897,1950,75,67500.0,67500.0,168750.0,900.0,1.21,30.16
Nesanitarne deponije,44.7849088,21.071952,1950,75,75000.0,75000.0,187500.0,1000.0,1.34,33.52
Nesanitarne deponije,45.895785,20.103254,2002,23,25767.0,25767.0,64417.5,1120.3,0.8,20.02
Nesanitarne deponije,45.22377,20.0215,1989,36,99936.0,99936.0,249840.0,2776.0,2.66,66.58
Nesanitarne deponije,45.18149,20.04076,1990,35,37660.0,37660.0,94150.0,1076.0,1.02,25.38
Nesanitarne deponije,45.29047,20.02215,1988,37,67081.0,67081.0,167702.5,1813.0,1.77,44.18
Nesanitarne deponije,45.016111,19.846553,1984,41,738000.0,738000.0,1845000.0,18000.0,18.58,464.4
Nesanitarne deponije,45.12371,20.171451,1989,36,112320.0,112320.0,280800.0,3120.0,2.99,74.83
Nesanitarne deponije,45.2,20.1,2019,6,9984.0,9984.0,24960.0,1664.0,0.35,8.69
Nesanitarne deponije,45.7958676,20.1013361,1985,40,320000.0,320000.0,800000.0,8000.0,8.15,203.65
Nesanitarne deponije,45.362196,19.311885,1987,38,77102.0,77102.0,192755.0,2029.0,2.01,50.2
Nesanitarne deponije,45.73294,19.372397,1990,35,109375.0,109375.0,273437.5,3125.0,2.95,73.72
Nesanitarne deponije,45.4124,19.2526,1976,49,147000.0,147000.0,367500.0,3000.0,3.39,84.72
Nesanitarne deponije,45.3337,19.3256,1990,35,420000.0,420000.0,1050000.0,12000.0,11.32,283.1
Nesanitarne deponije,45.6043274,20.1837872,1951,74,703000.0,703000.0,1757500.0,9500.0,12.68,316.98
Nesanitarne deponije,42.676906,22.056099,1970,55,0.0,0.0,0.0,0.0,0.0,0.0
Nesanitarne deponije,44.904343,21.382778,1994,31,155217.0,155217.0,388042.5,5007.0,4.39,109.65
Nesanitarne deponije,43.983624,19.939454,1981,44,3000.0,3000.0,7500.0,68.18,0.07,1.83
Nesanitarne deponije,45.2926441,21.2926441,1966,59,2360000.0,2360000.0,5900000.0,40000.0,49.06,1226.57
Nesanitarne deponije,46.075846,20.1027,1984,41,0.0,0.0,0.0,0.0,0.0,0.0
Nesanitarne deponije,43.9368,20.7338,1981,44,35904.0,35904.0,89760.0,816.0,0.87,21.85
Nesanitarne deponije,43.035496,20.425255,1999,26,780000.0,780000.0,1950000.0,30000.0,23.39,584.75
Nesanitarne deponije,43.65,21.82,1970,55,687500.0,687500.0,1718750.0,12500.0,14.88,372.08
Nesanitarne deponije,44.4752325,20.0887888,2004,21,240550.0,240550.0,601375.0,11454.76,7.65,191.31
Nesanitarne deponije,42.3821709,22.0594989,1992,33,2970.0,2970.0,7425.0,90.0,0.08,2.05
Nesanitarne deponije,44.4770813,20.0894164,1965,60,849000.0,849000.0,2122500.0,14150.0,17.48,436.89
Nesanitarne deponije,46.079331,19.686445,1978,47,2115000.0,2115000.0,5287500.0,45000.0,49.82,1245.51
Nesanitarne deponije,44.45318,19.422962,1994,31,0.0,0.0,0.0,0.0,0.0,0.0
Nesanitarne deponije,44.4646783,21.679741,2002,23,51750.0,51750.0,129375.0,2250.0,1.61,40.2
Nesanitarne deponije,43.126827,21.221966,2003,22,233178.0,233178.0,582945.0,10599.0,7.33,183.3
Nesanitarne deponije,44.7457,21.5464,1992,33,216424.0,216424.0,541060.0,6558.3,5.97,149.33
Nesanitarne deponije,45.375949,19.2052207,1990,35,169470.0,169470.0,423675.0,4842.0,4.57,114.23
Nesanitarne deponije,43.7845,20.2703,1982,43,0.0,0.0,0.0,0.0,0.0,0.0
Nesanitarne deponije,44.1,21.3,1995,30,380.0,380.0,950.0,12.67,0.01,0.27
Nesanitarne deponije,45.8621904,19.1159462,1991,34,1428000.0,1428000.0,3570000.0,42000.0,38.95,973.82
Nesanitarne deponije,45.127541,20.500531,2009,16,53600.0,53600.0,134000.0,3350.0,1.8,45.08
Nesanitarne deponije,44.0,21.0,1980,45,328000.0,328000.0,820000.0,7288.89,7.9,197.42
Nesanitarne deponije,42.4572,21.79063,2015,10,180.0,180.0,450.0,18.0,0.01,0.16
Nesanitarne deponije,44.7743084,19.4726886,1990,35,208000.0,208000.0,520000.0,5942.86,5.61,140.2
Nesanitarne deponije,44.833814,19.4535269,1990,35,254080.0,254080.0,635200.0,7259.43,6.85,171.26
Nesanitarne deponije,44.54,19.2,1965,60,1800000.0,1800000.0,4500000.0,30000.0,37.05,926.26
Nesanitarne deponije,44.2700821,20.6796526,1970,55,495000.0,495000.0,1237500.0,9000.0,10.72,267.9
Nesanitarne deponije,43.0,21.0,1964,61,0.0,0.0,0.0,0.0,0.0,0.0
Nesanitarne deponije,45.382546,18.575417,1978,47,514650.0,514650.0,1286625.0,10950.0,12.12,303.07
Nesanitarne deponije,44.729943,21.193231,1985,40,0.0,0.0,0.0,0.0,0.0,0.0
Nesanitarne deponije,43.678714,20.86053,2015,10,300000.0,300000.0,750000.0,30000.0,10.6,265.04
Nesanitarne deponije,44.643901,21.179896,1989,36,1264754.4,1264754.4,3161886.0,35132.07,33.71,842.66
Nesanitarne deponije,43.3062479,21.3246058,1977,48,715536.0,715536.0,1788840.0,14907.0,16.67,416.84
Nesanitarne deponije,44.404548,21.946732,2004,21,37800.0,37800.0,94500.0,1800.0,1.2,30.06
Nesanitarne deponije,43.513472,21.071201,1983,42,63000.0,63000.0,157500.0,1500.0,1.57,39.2
Nesanitarne deponije,45.479018,19.261676,1999,26,366600.0,366600.0,916500.0,14100.0,10.99,274.83
Nesanitarne deponije,44.5931,21.2322,2006,19,70300.0,70300.0,175750.0,3700.0,2.29,57.21
Nesanitarne deponije,45.02702,20.1848,1991,34,1105000.0,1105000.0,2762500.0,32500.0,30.14,753.55
Nesanitarne deponije,44.56,22.56,1997,28,238000.0,238000.0,595000.0,8500.0,6.97,174.22
Nesanitarne deponije,45.246702,19.499267,1984,41,3444000.0,3444000.0,8610000.0,84000.0,86.69,2167.22
Nesanitarne deponije,45.0888835,20.0496178,1981,44,682000.0,682000.0,1705000.0,15500.0,16.6,415.04
Nesanitarne deponije,43.720387,21.3889681,1986,39,273000.0,273000.0,682500.0,7000.0,7.03,175.73
Nesanitarne deponije,43.5672622,21.6806705,1989,36,413967.6,413967.6,1034919.0,11499.1,11.03,275.81
Nesanitarne deponije,43.3999438,21.0383712,1969,56,208000.0,208000.0,520000.0,3714.29,4.46,111.43
Nesanitarne deponije,43.858029,19.872087,1973,52,195000.0,195000.0,487500.0,3750.0,4.35,108.87
Nesanitarne deponije,45.136345,19.203782,1982,43,430000.0,430000.0,1075000.0,10000.0,10.58,264.6
Nesanitarne deponije,44.06742,22.13158,1990,35,821940.0,821940.0,2054850.0,23484.0,22.16,554.02
Nesanitarne deponije,44.1143,21.731,1992,33,1700.0,1700.0,4250.0,51.52,0.05,1.17
Nesanitarne deponije,46.089054,20.017072,1981,44,0.0,0.0,0.0,0.0,0.0,0.0
Nesanitarne deponije,45.0,19.0,1974,51,765000.0,765000.0,1912500.0,15000.0,17.27,431.63
Nesanitarne deponije,44.2699,19.9235,1990,35,1330000.0,1330000.0,3325000.0,38000.0,35.86,896.47
Nesanitarne deponije,43.7195,21.389,1980,45,225000.0,225000.0,562500.0,5000.0,5.42,135.42
Nesanitarne deponije,43.976582,21.276852,1970,55,0.0,0.0,0.0,0.0,0.0,0.0
Nesanitarne deponije,43.2965,19.9378,2008,17,127500.0,127500.0,318750.0,7500.0,4.24,106.1
Nesanitarne deponije,44.62,20.2,1985,40,2800000.0,2800000.0,7000000.0,70000.0,71.28,1781.98
Nesanitarne deponije,43.021,21.5726,1988,37,182580.0,182580.0,456450.0,4934.59,4.81,120.25
Nesanitarne deponije,43.1409,21.5126,2003,22,51636.0,51636.0,129090.0,2347.09,1.62,40.59
Nesanitarne deponije,43.0479,21.8436,2000,25,54405.0,54405.0,136012.5,2176.2,1.65,41.27
Nesanitarne deponije,42.9715,21.9365,1980,45,424945.0,424945.0,1062362.5,9443.22,10.23,255.77
Nesanitarne deponije,45.592039,20.046126,1965,60,1200000.0,1200000.0,3000000.0,20000.0,24.7,617.51
Nesanitarne deponije,45.2363348,21.1289255,1980,45,139500.0,139500.0,348750.0,3100.0,3.36,83.96
Nesanitarne deponije,43.6652,21.5625875,1986,39,42900.0,42900.0,107250.0,1100.0,1.1,27.61
Nesanitarne deponije,44.8861517,20.6257616,1964,61,11000000.0,11000000.0,27500000.0,180327.87,224.19,5604.85
Nesanitarne deponije,44.3953882,19.5607467,1970,55,220000.0,220000.0,550000.0,4000.0,4.76,119.07
Nesanitarne deponije,42.9752013,22.1170878,1980,45,15750.0,15750.0,39375.0,350.0,0.38,9.48
Nesanitarne deponije,44.239864,22.556559,1959,66,538890.0,538890.0,1347225.0,8165.0,10.46,261.62
Nesanitarne deponije,44.651648,20.951778,1971,54,2160000.0,2160000.0,5400000.0,40000.0,47.24,1181.12
Nesanitarne deponije,44.034167,20.931949,1968,57,13788585.0,13788585.0,34471462.5,241905.0,292.48,7311.93
Nesanitarne deponije,43.4939197,19.6327993,1983,42,840000.0,840000.0,2100000.0,20000.0,20.91,522.69
Nesanitarne deponije,43.5995715,20.9820633,1991,34,315928.0,315928.0,789820.0,9292.0,8.62,215.45
Nesanitarne deponije,42.324183,21.633724,1995,30,144750.0,144750.0,361875.0,4825.0,4.14,103.47
Nesanitarne deponije,43.73,20.71,1971,54,2152419.5,2152419.5,5381048.75,39859.62,47.08,1176.98
Nesanitarne deponije,43.807785,21.872181,1994,31,142972.0,142972.0,357430.0,4612.0,4.04,101.0
Nesanitarne deponije,44.818424,20.081981,2010,15,112500.0,112500.0,281250.0,7500.0,3.82,95.59
Nesanitarne deponije,42.52613,21.91062,1962,63,0.0,0.0,0.0,0.0,0.0,0.0
Nesanitarne deponije,42.48678,22.48848,1974,51,198900.0,198900.0,497250.0,3900.0,4.49,112.22
Nesanitarne deponije,44.37389,20.19381,2023,2,20400.0,20400.0,51000.0,10200.0,0.45,11.37
Nesanitarne deponije,45.3540472,20.3644608,1986,39,1560000.0,1560000.0,3900000.0,40000.0,40.17,1004.16
Nesanitarne deponije,44.632601,19.789862,1994,31,99200.0,99200.0,248000.0,3200.0,2.8,70.08
Nesanitarne deponije,43.026099,22.812156,1970,55,27500.0,27500.0,68750.0,500.0,0.6,14.88
Nesanitarne deponije,43.291414,20.6367963,1984,41,287000.0,287000.0,717500.0,7000.0,7.22,180.6
Nesanitarne deponije,44.729943,21.193231,1985,40,0.0,0.0,0.0,0.0,0.0,0.0
Nesanitarne deponije,44.643901,21.179896,1989,36,1264754.52,1264754.52,3161886.3,35132.07,33.71,842.66
Nesanitarne deponije,43.2884718,21.8854718,1968,57,6302889.0,6302889.0,15757222.5,110577.0,133.69,3342.35
Nesanitarne deponije,42.714218,22.140422,1981,44,451440.0,451440.0,1128600.0,10260.0,10.99,274.73
Nesanitarne deponije,43.580309,22.262006,1950,75,975000.0,975000.0,2437500.0,13000.0,17.43,435.71
Nesanitarne deponije,45.311,19.842295,1963,62,22747899.82,22747899.82,56869749.55,366901.61,459.11,11477.65
Nesanitarne deponije,43.7105736,19.6739422,2002,23,154.0,154.0,385.0,6.7,0.0,0.12
Nesanitarne deponije,44.4022255,19.3312337,1980,45,171600.0,171600.0,429000.0,3813.33,4.13,103.28
Nesanitarne deponije,43.966106,22.357016,1965,60,764640.0,764640.0,1911600.0,12744.0,15.74,393.48
Nesanitarne deponije,44.3825454,20.9979128,1990,35,0.0,0.0,0.0,0.0,0.0,0.0
Nesanitarne deponije,43.2660422,21.7040037,2000,25,5000.0,5000.0,12500.0,200.0,0.15,3.79
Nesanitarne deponije,45.4239165,19.8547558,1965,60,467500.0,467500.0,1168750.0,7791.67,9.62,240.57
Nesanitarne deponije,43.2884718,21.8854718,1968,57,6302889.0,6302889.0,15757222.5,110577.0,133.69,3342.35
Nesanitarne deponije,44.0,21.0,1970,55,550000.0,550000.0,1375000.0,10000.0,11.91,297.67
Nesanitarne deponije,43.4576345,22.2032516,1987,38,152380.0,152380.0,380950.0,4010.0,3.97,99.21
Nesanitarne deponije,42.52613,21.91062,1962,63,0.0,0.0,0.0,0.0,0.0,0.0
Nesanitarne deponije,43.459331,19.796631,1986,39,0.0,0.0,0.0,0.0,0.0,0.0
Nesanitarne deponije,44.404548,21.946732,2004,21,33600.0,33600.0,84000.0,1600.0,1.07,26.72
Nesanitarne deponije,43.0,19.0,2008,17,297.5,297.5,743.75,17.5,0.01,0.25
Nesanitarne deponije,42.676906,22.056099,1970,55,370000.0,370000.0,925000.0,6727.27,8.01,200.25
Nesanitarne deponije,43.4939197,19.6327993,1983,42,134400.0,134400.0,336000.0,3200.0,3.35,83.63
Nesanitarne deponije,45.016111,19.846553,1984,41,779000.0,779000.0,1947500.0,19000.0,19.61,490.2
Nesanitarne deponije,43.46204,20.061617,1965,60,19.5,19.5,48.75,0.33,0.0,0.01
Nesanitarne deponije,45.8912,20.1031,2002,23,186585.0,186585.0,466462.5,8112.39,5.8,144.95
Nesanitarne deponije,44.477232,19.822436,1980,45,472500.0,472500.0,1181250.0,10500.0,11.38,284.39
Nesanitarne deponije,43.983624,19.939454,1981,44,7500.0,7500.0,18750.0,170.45,0.18,4.56
Nesanitarne deponije,43.109,22.56,2010,15,30000.0,30000.0,75000.0,2000.0,1.02,25.49
Nesanitarne deponije,43.182,22.569,1990,35,0.0,0.0,0.0,0.0,0.0,0.0
Nesanitarne deponije,43.8781763,21.3475269,1975,50,825000.0,825000.0,2062500.0,16500.0,18.82,470.44
Nesanitarne deponije,45.479018,19.261676,1999,26,312000.0,312000.0,780000.0,12000.0,9.36,233.9
Nesanitarne deponije,43.6652,21.5625875,1986,39,39000.0,39000.0,97500.0,1000.0,1.0,25.1
Nesanitarne deponije,43.858029,19.872087,1973,52,195000.0,195000.0,487500.0,3750.0,4.35,108.87
Nesanitarne deponije,43.2356538,21.5980195,1992,33,7600.0,7600.0,19000.0,230.3,0.21,5.24
Nesanitarne deponije,43.4576345,22.2032516,1987,38,152000.0,152000.0,380000.0,4000.0,3.96,98.97
Nesanitarne deponije,43.7845,20.2703,1982,43,0.0,0.0,0.0,0.0,0.0,0.0
Nesanitarne deponije,45.0,20.0,1991,34,835380.0,835380.0,2088450.0,24570.0,22.79,569.68
Nesanitarne deponije,43.6479494,21.2851516,1984,41,1886000.0,1886000.0,4715000.0,46000.0,47.47,1186.81
Nesanitarne deponije,44.56,22.56,1997,28,238000.0,238000.0,595000.0,8500.0,6.97,174.22
Nesanitarne deponije,42.324183,21.633724,1995,30,115200.0,115200.0,288000.0,3840.0,3.29,82.35
Nesanitarne deponije,43.5234,21.0821,1983,42,63000.0,63000.0,157500.0,1500.0,1.57,39.2
Nesanitarne deponije,44.632601,19.789862,1994,31,65100.0,65100.0,162750.0,2100.0,1.84,45.99
Nesanitarne deponije,42.3821709,22.0594989,1992,33,10560.0,10560.0,26400.0,320.0,0.29,7.29
Nesanitarne deponije,43.026099,22.812156,1970,55,27500.0,27500.0,68750.0,500.0,0.6,14.88
Nesanitarne deponije,43.3999438,21.0383712,1969,56,208000.0,208000.0,520000.0,3714.29,4.46,111.43
Nesanitarne deponije,42.4572,21.79063,2015,10,84000.0,84000.0,210000.0,8400.0,2.97,74.21
Nesanitarne deponije,42.456956,21.785286,1993,32,184800.0,184800.0,462000.0,5775.0,5.16,129.02
Nesanitarne deponije,45.8621904,19.1159462,1991,34,1088000.0,1088000.0,2720000.0,32000.0,29.68,741.96
Nesanitarne deponije,46.089054,20.017072,1981,44,351000.0,351000.0,877500.0,7977.27,8.54,213.6
Nesanitarne deponije,43.3062479,21.3246058,1977,48,230400.0,230400.0,576000.0,4800.0,5.37,134.22
Nesanitarne deponije,42.5813,21.5606,1980,45,424945.0,424945.0,1062362.5,9443.22,10.23,255.77
Nesanitarne deponije,43.043,21.5106,2000,25,54405.0,54405.0,136012.5,2176.2,1.65,41.27
Nesanitarne deponije,43.1409,21.5126,2003,22,51636.0,51636.0,129090.0,2347.09,1.62,40.59
Nesanitarne deponije,43.021,21.5726,1988,37,182580.0,182580.0,456450.0,4934.59,4.81,120.25
Nesanitarne deponije,44.8301833,20.8673946,1950,75,124800.0,124800.0,312000.0,1664.0,2.23,55.77
Nesanitarne deponije,44.8511724,21.0400591,1950,75,62400.0,62400.0,156000.0,832.0,1.12,27.89
Nesanitarne deponije,44.8023496,21.2041897,1950,75,62400.0,62400.0,156000.0,832.0,1.12,27.89
Nesanitarne deponije,44.7849088,21.071952,1950,75,62400.0,62400.0,156000.0,832.0,1.12,27.89
Nesanitarne deponije,44.8665327,20.977646,2010,15,12480.0,12480.0,31200.0,832.0,0.42,10.6
Nesanitarne deponije,44.7701096,20.9094028,1950,75,62400.0,62400.0,156000.0,832.0,1.12,27.89
Nesanitarne deponije,44.7467258,20.9630099,1980,45,466110.0,466110.0,1165275.0,10358.0,11.22,280.55
Nesanitarne deponije,44.7147421,20.8746521,2003,22,18304.0,18304.0,45760.0,832.0,0.58,14.39
Nesanitarne deponije,44.729943,21.193231,1985,40,200000.0,200000.0,500000.0,5000.0,5.09,127.28
Nesanitarne deponije,44.643901,21.179896,1989,36,1050000.0,1050000.0,2625000.0,29166.67,27.98,699.57
Nesanitarne deponije,43.126827,21.221966,2003,22,96228.0,96228.0,240570.0,4374.0,3.03,75.64
Nesanitarne deponije,44.1,21.3,1995,30,380.0,380.0,950.0,12.67,0.01,0.27
Nesanitarne deponije,43.88001,20.38266,1973,52,39.0,39.0,97.5,0.75,0.0,0.02
Nesanitarne deponije,46.075846,20.1027,1984,41,190117.0,190117.0,475292.5,4637.0,4.79,119.64
Nesanitarne deponije,43.2660422,21.7040037,2000,25,541800.0,541800.0,1354500.0,21672.0,16.44,411.04
Nesanitarne deponije,44.269656,19.9249978,1990,35,1505000.0,1505000.0,3762500.0,43000.0,40.58,1014.43
Nesanitarne deponije,45.0,18.0,1978,47,338400.0,338400.0,846000.0,7200.0,7.97,199.28
Nesanitarne deponije,45.787467,19.618383,1987,38,119320.0,119320.0,298300.0,3140.0,3.11,77.69
Nesanitarne deponije,45.044369,20.860375,2000,25,25000.0,25000.0,62500.0,1000.0,0.76,18.97
Nesanitarne deponije,45.060005,21.018658,2000,25,37500.0,37500.0,93750.0,1500.0,1.14,28.45
Nesanitarne deponije,45.090889,20.979096,2000,25,37500.0,37500.0,93750.0,1500.0,1.14,28.45
Nesanitarne deponije,43.7460333,19.7044344,1981,44,0.0,0.0,0.0,0.0,0.0,0.0
Nesanitarne deponije,43.7105736,19.6739422,2002,23,0.0,0.0,0.0,0.0,0.0,0.0
Nesanitarne deponije,44.4646783,21.679741,2002,23,45540.0,45540.0,113850.0,1980.0,1.42,35.38
Nesanitarne deponije,44.4770813,20.0894164,1965,60,516300.0,516300.0,1290750.0,8605.0,10.63,265.68
Nesanitarne deponije,43.2884718,21.8854718,1968,57,5221599.0,5221599.0,13053997.5,91607.0,110.76,2768.95
Nesanitarne deponije,44.45318,19.422962,1994,31,9000000.0,9000000.0,22500000.0,290322.58,254.31,6357.85
Nesanitarne deponije,45.9406629,20.1653909,1996,29,105850.0,105850.0,264625.0,3650.0,3.06,76.57
Nesanitarne deponije,45.165838,20.55476,1992,33,92400.0,92400.0,231000.0,2800.0,2.55,63.75
Nesanitarne deponije,45.181193,20.111967,2000,25,11250.0,11250.0,28125.0,450.0,0.34,8.53
Nesanitarne deponije,44.05,22.06,1990,35,561295.0,561295.0,1403237.5,16037.0,15.13,378.33
Nesanitarne deponije,44.7743084,19.4726886,1990,35,140160.0,140160.0,350400.0,4004.57,3.78,94.47
Nesanitarne deponije,44.833814,19.4535269,1990,35,160800.0,160800.0,402000.0,4594.29,4.34,108.39
Nesanitarne deponije,43.73,20.71,1971,54,1898000.0,1898000.0,4745000.0,35148.15,41.51,1037.86
Nesanitarne deponije,45.4239165,19.8547558,1965,60,401500.0,401500.0,1003750.0,6691.67,8.26,206.61
Nesanitarne deponije,45.22377,20.0215,1989,36,97776.0,97776.0,244440.0,2716.0,2.61,65.14
Nesanitarne deponije,45.29047,20.02215,1988,37,58238.0,58238.0,145595.0,1574.0,1.53,38.36
Nesanitarne deponije,45.18149,20.04076,1990,35,30625.0,30625.0,76562.5,875.0,0.83,20.64
Nesanitarne deponije,44.351846,21.132731,2006,19,760000.0,760000.0,1900000.0,40000.0,24.74,618.52
Nesanitarne deponije,44.2363033,20.2553087,1985,40,66000.0,66000.0,165000.0,1650.0,1.68,42.0
Nesanitarne deponije,44.2344272,20.3964209,1987,38,41650.0,41650.0,104125.0,1096.05,1.08,27.12
Nesanitarne deponije,45.12371,20.171451,1989,36,39600.0,39600.0,99000.0,1100.0,1.06,26.38
Nesanitarne deponije,45.136345,19.203782,1982,43,438815.0,438815.0,1097037.5,10205.0,10.8,270.02
Nesanitarne deponije,45.5197146,20.5961071,1950,75,8160.0,8160.0,20400.0,108.8,0.15,3.65
Nesanitarne deponije,43.291414,20.6367963,1984,41,287000.0,287000.0,717500.0,7000.0,7.22,180.6
Nesanitarne deponije,43.5361575,21.7035322,1989,36,342000.0,342000.0,855000.0,9500.0,9.11,227.86
Nesanitarne deponije,44.1143,21.731,1992,33,2125.0,2125.0,5312.5,64.39,0.06,1.47
Nesanitarne deponije,43.6786679,20.8590173,2015,10,131300.0,131300.0,328250.0,13130.0,4.64,116.0
Nesanitarne deponije,43.65,21.82,1970,55,495000.0,495000.0,1237500.0,9000.0,10.72,267.9
Nesanitarne deponije,43.19833,21.7198,1994,31,18000.0,18000.0,45000.0,580.65,0.51,12.72
Nesanitarne deponije,44.62,20.2,1985,40,2800000.0,2800000.0,7000000.0,70000.0,71.28,1781.98
Nesanitarne deponije,44.38174,20.20693,2004,21,149400.0,149400.0,373500.0,7114.29,4.75,118.82
Nesanitarne deponije,43.720387,21.3889681,1986,39,195000.0,195000.0,487500.0,5000.0,5.02,125.52
Nesanitarne deponije,45.7958676,20.1013361,1985,40,340000.0,340000.0,850000.0,8500.0,8.66,216.38
Nesanitarne deponije,45.73294,19.372397,1990,35,105875.0,105875.0,264687.5,3025.0,2.85,71.36
Nesanitarne deponije,45.4124,19.2526,1976,49,318500.0,318500.0,796250.0,6500.0,7.34,183.57
Nesanitarne deponije,45.3337,19.3256,1990,35,2928765.0,2928765.0,7321912.5,83679.0,78.96,1974.1
Nesanitarne deponije,44.034167,20.931949,1968,57,10887000.0,10887000.0,27217500.0,191000.0,230.93,5773.25
Nesanitarne deponije,46.079331,19.686445,1978,47,2350000.0,2350000.0,5875000.0,50000.0,55.36,1383.9
Nesanitarne deponije,44.904343,21.382778,1994,31,136307.0,136307.0,340767.5,4397.0,3.85,96.29
Nesanitarne deponije,43.8136797,20.0429123,1975,50,37400.0,37400.0,93500.0,748.0,0.85,21.33
Nesanitarne deponije,44.8836174,20.6296634,1964,61,1925000.0,1925000.0,4812500.0,31557.38,39.23,980.85
Nesanitarne deponije,43.966106,22.357016,1965,60,1055427.0,1055427.0,2638567.5,17590.45,21.72,543.11
Nesanitarne deponije,44.0,21.0,1964,61,0.0,0.0,0.0,0.0,0.0,0.0
Nesanitarne deponije,43.976582,21.276852,1970,55,2000.0,2000.0,5000.0,36.36,0.04,1.08
Nesanitarne deponije,43.0,22.0,1980,45,22500.0,22500.0,56250.0,500.0,0.54,13.54
Nesanitarne deponije,44.6998136,21.5859578,1995,30,180000.0,180000.0,450000.0,6000.0,5.15,128.67
Nesanitarne deponije,45.0888835,20.0496178,1981,44,860864.84,860864.84,2152162.1,19565.11,20.96,523.88
Nesanitarne deponije,45.246702,19.499267,1984,41,2045449.0,2045449.0,5113622.5,49889.0,51.49,1287.15
Nesanitarne deponije,43.580309,22.262006,1950,75,624000.0,624000.0,1560000.0,8320.0,11.15,278.86
Nesanitarne deponije,42.2912,22.2919,1974,51,72267.0,72267.0,180667.5,1417.0,1.63,40.77
Nesanitarne deponije,45.2017398,19.7038667,1970,55,247500.0,247500.0,618750.0,4500.0,5.36,133.95
Nesanitarne deponije,44.4752325,20.0887888,2004,21,146285.0,146285.0,365712.5,6965.95,4.65,116.34
Nesanitarne deponije,45.375949,19.2052207,1990,35,630000.0,630000.0,1575000.0,18000.0,16.99,424.64
Nesanitarne deponije,45.592039,20.046126,1965,60,1200000.0,1200000.0,3000000.0,20000.0,24.7,617.51
Nesanitarne deponije,44.54,19.2,1965,60,1800000.0,1800000.0,4500000.0,30000.0,37.05,926.26
Nesanitarne deponije,44.3953882,19.5607467,1970,55,230.67,230.67,576.67,4.19,0.0,0.12
Nesanitarne deponije,43.5995715,20.9820633,1991,34,238000.0,238000.0,595000.0,7000.0,6.49,162.3
Nesanitarne deponije,43.2435,19.382,1972,53,556500.0,556500.0,1391250.0,10500.0,12.3,307.48
Nesanitarne deponije,45.615375,19.736438,2006,19,380000.0,380000.0,950000.0,20000.0,12.37,309.26
Nesanitarne deponije,44.0,21.0,1980,45,410000.0,410000.0,1025000.0,9111.11,9.87,246.77
Nesanitarne deponije,43.6793,20.8603,2016,9,118257.48,118257.48,295643.7,13139.72,4.19,104.79
Nesanitarne deponije,44.4022255,19.3312337,1980,45,43824.0,43824.0,109560.0,973.87,1.06,26.38
Nesanitarne deponije,44.7457,21.5464,1992,33,312000.0,312000.0,780000.0,9454.55,8.61,215.27
Nesanitarne deponije,44.0,21.0,1970,55,550000.0,550000.0,1375000.0,10000.0,11.91,297.67
Nesanitarne deponije,43.807785,21.872181,1994,31,34844.0,34844.0,87110.0,1124.0,0.98,24.61
Nesanitarne deponije,45.2926441,21.2926441,1966,59,2177100.0,2177100.0,5442750.0,36900.0,45.26,1131.51
Nesanitarne deponije,45.3631842,19.6180128,1985,40,48000.0,48000.0,120000.0,1200.0,1.22,30.55
Nesanitarne deponije,45.6895345,19.6988385,1990,35,10080.0,10080.0,25200.0,288.0,0.27,6.79
Nesanitarne deponije,43.45,21.02,1970,55,251240.0,251240.0,628100.0,4568.0,5.44,135.97
Nesanitarne deponije,44.3825454,20.9979128,1990,35,0.0,0.0,0.0,0.0,0.0,0.0
Nesanitarne deponije,44.4197145,20.3699057,2011,14,392000.0,392000.0,980000.0,28000.0,13.45,336.33
Nesanitarne deponije,44.651648,20.951778,1971,54,810000.0,810000.0,2025000.0,15000.0,17.72,442.92
Nesanitarne deponije,44.818424,20.081981,2010,15,90000.0,90000.0,225000.0,6000.0,3.06,76.47
Nesanitarne deponije,44.239864,22.556559,1959,66,627000.0,627000.0,1567500.0,9500.0,12.18,304.4
Nesanitarne deponije,43.9368,20.7338,1981,44,220000.0,220000.0,550000.0,5000.0,5.36,133.88
Nesanitarne deponije,45.0,19.0,1974,51,765000.0,765000.0,1912500.0,15000.0,17.27,431.63
Nesanitarne deponije,45.0,19.0,1974,51,357000.0,357000.0,892500.0,7000.0,8.06,201.43
Nesanitarne deponije,45.6043274,20.1837872,1951,74,628260.0,628260.0,1570650.0,8490.0,11.33,283.28
Nesanitarne deponije,42.714218,22.140422,1981,44,2673.1,2673.1,6682.75,60.75,0.07,1.63
Nesanitarne deponije,43.7195108,21.3889789,1980,45,225000.0,225000.0,562500.0,5000.0,5.42,135.42
Nesanitarne deponije,44.2700821,20.6796526,1970,55,440000.0,440000.0,1100000.0,8000.0,9.53,238.13
Nesanitarne deponije,45.3540472,20.3644608,1986,39,1560000.0,1560000.0,3900000.0,40000.0,40.17,1004.16
Nesanitarne deponije,45.317541,19.834156,1963,62,14781721.94,14781721.94,36954304.85,238414.87,298.33,7458.25
Nesanitarne deponije,45.222989,20.7940327,2011,14,140000.0,140000.0,350000.0,10000.0,4.8,120.12
Nesanitarne deponije,43.0,19.0,1987,38,285000.0,285000.0,712500.0,7500.0,7.42,185.56
Nesanitarne deponije,45.2363348,21.1289255,1980,45,103500.0,103500.0,258750.0,2300.0,2.49,62.3
Nesanitarne deponije,44.7862355,20.5955171,1977,48,37800000.0,37800000.0,94500000.0,787500.0,880.83,22020.86
Nesanitarne deponije,43.976582,21.276852,1970,55,2000.0,2000.0,5000.0,36.36,0.04,1.08
Nesanitarne deponije,44.4770813,20.0894164,1965,60,509340.0,509340.0,1273350.0,8489.0,10.48,262.1
Nesanitarne deponije,45.317541,19.834156,1963,62,11160000.0,11160000.0,27900000.0,180000.0,225.23,5630.87
Nesanitarne deponije,43.807785,21.872181,1994,31,42657.55,42657.55,106643.88,1376.05,1.21,30.13
Nesanitarne deponije,44.0,21.0,1970,55,440000.0,440000.0,1100000.0,8000.0,9.53,238.13
Nesanitarne deponije,44.05,22.06,1990,35,561295.0,561295.0,1403237.5,16037.0,15.13,378.33
Nesanitarne deponije,45.362196,19.311885,1987,38,76000.0,76000.0,190000.0,2000.0,1.98,49.48
Nesanitarne deponije,45.362195,19.311885,1990,35,17500.0,17500.0,43750.0,500.0,0.47,11.8
Nesanitarne deponije,45.246702,19.499267,1984,41,2045449.0,2045449.0,5113622.5,49889.0,51.49,1287.15
Nesanitarne deponije,45.362215,19.211292,1990,35,0.0,0.0,0.0,0.0,0.0,0.0
Nesanitarne deponije,45.3337,19.3256,1990,35,2928765.0,2928765.0,7321912.5,83679.0,78.96,1974.1
Nesanitarne deponije,45.4124,19.2526,1976,49,318500.0,318500.0,796250.0,6500.0,7.34,183.57
Nesanitarne deponije,45.73294,19.372397,1990,35,96250.0,96250.0,240625.0,2750.0,2.6,64.88
Nesanitarne deponije,43.580309,22.262006,1950,75,615000.0,615000.0,1537500.0,8200.0,10.99,274.83
Nesanitarne deponije,44.38174,20.20693,2004,21,149400.0,149400.0,373500.0,7114.29,4.75,118.82
Nesanitarne deponije,44.7457,21.5464,1992,33,664300.0,664300.0,1660750.0,20130.3,18.33,458.35
Nesanitarne deponije,43.7195108,21.3889789,1980,45,225000.0,225000.0,562500.0,5000.0,5.42,135.42
Nesanitarne deponije,43.966106,22.357016,1965,60,1033933.2,1033933.2,2584833.0,17232.22,21.28,532.05
Nesanitarne deponije,44.0,21.0,1964,61,0.0,0.0,0.0,0.0,0.0,0.0
Nesanitarne deponije,43.5995715,20.9820633,1991,34,238000.0,238000.0,595000.0,7000.0,6.49,162.3
Nesanitarne deponije,44.651648,20.951778,1971,54,810000.0,810000.0,2025000.0,15000.0,17.72,442.92
Nesanitarne deponije,44.034167,20.931949,1968,57,2850000.0,2850000.0,7125000.0,50000.0,60.45,1511.32
Nesanitarne deponije,45.181193,20.111967,2000,25,62500.0,62500.0,156250.0,2500.0,1.9,47.42
Nesanitarne deponije,45.12371,20.171451,1989,36,180000.0,180000.0,450000.0,5000.0,4.8,119.93
Nesanitarne deponije,45.165838,20.55476,1992,33,66000.0,66000.0,165000.0,2000.0,1.82,45.54
Nesanitarne deponije,45.6895345,19.6988385,1990,35,10500.0,10500.0,26250.0,300.0,0.28,7.08
Nesanitarne deponije,44.477232,19.822436,1980,45,472500.0,472500.0,1181250.0,10500.0,11.38,284.39
Nesanitarne deponije,44.6998136,21.5859578,1995,30,180000.0,180000.0,450000.0,6000.0,5.15,128.67
Nesanitarne deponije,45.9406629,20.1653909,1996,29,58000.0,58000.0,145000.0,2000.0,1.68,41.96
Nesanitarne deponije,44.7743084,19.4726886,1990,35,140160.0,140160.0,350400.0,4004.57,3.78,94.47
Nesanitarne deponije,44.833814,19.4535269,1990,35,160800.0,160800.0,402000.0,4594.29,4.34,108.39
Nesanitarne deponije,43.035496,20.425255,1999,26,894400.0,894400.0,2236000.0,34400.0,26.82,670.51
Nesanitarne deponije,45.3631842,19.6180128,1985,40,96000.0,96000.0,240000.0,2400.0,2.44,61.1
Nesanitarne deponije,45.0,19.0,1974,51,765000.0,765000.0,1912500.0,15000.0,17.27,431.63
Nesanitarne deponije,46.079331,19.686445,1978,47,2350000.0,2350000.0,5875000.0,50000.0,55.36,1383.9
Nesanitarne deponije,44.45318,19.422962,1994,31,0.0,0.0,0.0,0.0,0.0,0.0
Nesanitarne deponije,46.075846,20.1027,1984,41,0.0,0.0,0.0,0.0,0.0,0.0
Nesanitarne deponije,43.2356538,21.5980195,1992,33,0.0,0.0,0.0,0.0,0.0,0.0
Nesanitarne deponije,44.7862355,20.5955171,1977,48,23865.2,23865.2,59663.0,497.19,0.56,13.9
Nesanitarne deponije,44.8023496,21.2041897,1950,75,62250.0,62250.0,155625.0,830.0,1.11,27.82
Nesanitarne deponije,44.7849088,21.071952,1950,75,67500.0,67500.0,168750.0,900.0,1.21,30.16
Nesanitarne deponije,44.8665327,20.977646,2010,15,15000.0,15000.0,37500.0,1000.0,0.51,12.75
Nesanitarne deponije,44.8511724,21.0400591,1950,75,67500.0,67500.0,168750.0,900.0,1.21,30.16
Nesanitarne deponije,44.404548,21.946732,2004,21,37800.0,37800.0,94500.0,1800.0,1.2,30.06
Nesanitarne deponije,44.8301833,20.8673946,1950,75,127500.0,127500.0,318750.0,1700.0,2.28,56.98
Nesanitarne deponije,43.7845,20.2703,1982,43,0.0,0.0,0.0,0.0,0.0,0.0
Nesanitarne deponije,44.7701096,20.9094028,1950,75,105000.0,105000.0,262500.0,1400.0,1.88,46.92
Nesanitarne deponije,44.7147421,20.8746521,2003,22,18700.0,18700.0,46750.0,850.0,0.59,14.7
Nesanitarne deponije,44.904343,21.382778,1994,31,201500.0,201500.0,503750.0,6500.0,5.69,142.35
Nesanitarne deponije,42.4572,21.79063,2015,10,80000.0,80000.0,200000.0,8000.0,2.83,70.68
Nesanitarne deponije,42.456956,21.785286,1993,32,0.0,0.0,0.0,0.0,0.0,0.0
Nesanitarne deponije,43.2435,19.382,1972,53,556500.0,556500.0,1391250.0,10500.0,12.3,307.48
Nesanitarne deponije,45.7958676,20.1013361,1985,40,320000.0,320000.0,800000.0,8000.0,8.15,203.65
Nesanitarne deponije,44.7467258,20.9630099,1980,45,495000.0,495000.0,1237500.0,11000.0,11.92,297.93
Nesanitarne deponije,42.676906,22.056099,1970,55,0.0,0.0,0.0,0.0,0.0,0.0
Nesanitarne deponije,44.5931,21.2322,2006,19,42.18,42.18,105.45,2.22,0.0,0.03
Nesanitarne deponije,44.818424,20.081981,2010,15,105000.0,105000.0,262500.0,7000.0,3.57,89.22
Nesanitarne deponije,45.6043274,20.1837872,1951,74,666000.0,666000.0,1665000.0,9000.0,12.01,300.3
Nesanitarne deponije,45.73294,19.372397,1990,35,210000.0,210000.0,525000.0,6000.0,5.66,141.55
Nesanitarne deponije,44.4752325,20.0887888,2004,21,230180.0,230180.0,575450.0,10960.95,7.32,183.07
Nesanitarne deponije,43.4939197,19.6327993,1983,42,672000.0,672000.0,1680000.0,16000.0,16.73,418.15
Nesanitarne deponije,43.65,21.82,1970,55,440000.0,440000.0,1100000.0,8000.0,9.53,238.13
Nesanitarne deponije,44.7457,21.5464,1992,33,199056.0,199056.0,497640.0,6032.0,5.49,137.34
Nesanitarne deponije,44.4770813,20.0894164,1965,60,812400.0,812400.0,2031000.0,13540.0,16.72,418.05
Nesanitarne deponije,44.54,19.2,1965,60,1920000.0,1920000.0,4800000.0,32000.0,39.52,988.01
Nesanitarne deponije,44.4197145,20.3699057,2011,14,303058.0,303058.0,757645.0,21647.0,10.4,260.02
Nesanitarne deponije,44.56,22.56,1997,28,238000.0,238000.0,595000.0,8500.0,6.97,174.22
Nesanitarne deponije,43.6652,21.5625875,1986,39,42900.0,42900.0,107250.0,1100.0,1.1,27.61
Nesanitarne deponije,45.016111,19.846553,1984,41,738000.0,738000.0,1845000.0,18000.0,18.58,464.4
Nesanitarne deponije,44.034167,20.931949,1968,57,13227078.0,13227078.0,33067695.0,232054.0,280.57,7014.16
Nesanitarne deponije,46.089054,20.017072,1981,44,0.0,0.0,0.0,0.0,0.0,0.0
Nesanitarne deponije,42.3821709,22.0594989,1992,33,4488.0,4488.0,11220.0,136.0,0.12,3.1
Nesanitarne deponije,45.246702,19.499267,1984,41,1906500.0,1906500.0,4766250.0,46500.0,47.99,1199.71
Nesanitarne deponije,45.0888835,20.0496178,1981,44,682000.0,682000.0,1705000.0,15500.0,16.6,415.04
Nesanitarne deponije,45.127541,20.500531,2009,16,52800.0,52800.0,132000.0,3300.0,1.78,44.41
Nesanitarne deponije,45.2017398,19.7038667,1970,55,275000.0,275000.0,687500.0,5000.0,5.95,148.83
Nesanitarne deponije,45.895785,20.103254,2002,23,61110.0,61110.0,152775.0,2656.96,1.9,47.47
Nesanitarne deponije,45.4124,19.2526,1976,49,318500.0,318500.0,796250.0,6500.0,7.34,183.57
Nesanitarne deponije,45.3337,19.3256,1990,35,297500.0,297500.0,743750.0,8500.0,8.02,200.53
Nesanitarne deponije,44.0,21.0,1980,45,328000.0,328000.0,820000.0,7288.89,7.9,197.42
Nesanitarne deponije,43.720387,21.3889681,1986,39,234000.0,234000.0,585000.0,6000.0,6.02,150.62
Nesanitarne deponije,44.632601,19.789862,1994,31,68200.0,68200.0,170500.0,2200.0,1.93,48.18
Nesanitarne deponije,45.136345,19.203782,1982,43,567944.0,567944.0,1419860.0,13208.0,13.98,349.48
Nesanitarne deponije,43.5672622,21.6806705,1989,36,396154.8,396154.8,990387.0,11004.3,10.56,263.94
Nesanitarne deponije,44.1143,21.731,1992,33,2125.0,2125.0,5312.5,64.39,0.06,1.47
Nesanitarne deponije,44.38174,20.20693,2004,21,148725.0,148725.0,371812.5,7082.14,4.73,118.28
Nesanitarne deponije,44.8861517,20.6257616,1964,61,4504775.0,4504775.0,11261937.5,73848.77,91.81,2295.32
Nesanitarne deponije,44.729943,21.193231,1985,40,448228.0,448228.0,1120570.0,11205.7,11.41,285.26
Nesanitarne deponije,43.678714,20.86053,2015,10,200000.0,200000.0,500000.0,20000.0,7.07,176.69
Nesanitarne deponije,44.643901,21.179896,1989,36,1056984.78,1056984.78,2642461.95,29360.69,28.17,704.23
Nesanitarne deponije,43.2965,19.9378,2008,17,127500.0,127500.0,318750.0,7500.0,4.24,106.1
Nesanitarne deponije,44.651648,20.951778,1971,54,2160000.0,2160000.0,5400000.0,40000.0,47.24,1181.12
Nesanitarne deponije,44.3825454,20.9979128,1990,35,0.0,0.0,0.0,0.0,0.0,0.0
Nesanitarne deponije,44.2700821,20.6796526,1970,55,440000.0,440000.0,1100000.0,8000.0,9.53,238.13
Nesanitarne deponije,45.0,18.0,1978,47,385400.0,385400.0,963500.0,8200.0,9.08,226.96
Nesanitarne deponije,45.22377,20.0215,1989,36,106308.0,106308.0,265770.0,2953.0,2.83,70.83
Nesanitarne deponije,45.18149,20.04076,1990,35,38430.0,38430.0,96075.0,1098.0,1.04,25.9
Nesanitarne deponije,45.29047,20.02215,1988,37,60310.0,60310.0,150775.0,1630.0,1.59,39.72
Nesanitarne deponije,45.2,20.1,2019,6,9984.0,9984.0,24960.0,1664.0,0.35,8.69
Nesanitarne deponije,43.126827,21.221966,2003,22,193894.8,193894.8,484737.0,8813.4,6.1,152.42
Nesanitarne deponije,45.12371,20.171451,1989,36,112320.0,112320.0,280800.0,3120.0,2.99,74.83
Nesanitarne deponije,45.3540472,20.3644608,1986,39,1560000.0,1560000.0,3900000.0,40000.0,40.17,1004.16
Nesanitarne deponije,43.807785,21.872181,1994,31,85560.0,85560.0,213900.0,2760.0,2.42,60.44
Nesanitarne deponije,43.5995715,20.9820633,1991,34,302600.0,302600.0,756500.0,8900.0,8.25,206.36
Nesanitarne deponije,43.6479494,21.2851516,1984,41,1927000.0,1927000.0,4817500.0,47000.0,48.5,1212.61
Nesanitarne deponije,44.0,21.0,1964,61,0.0,0.0,0.0,0.0,0.0,0.0
Nesanitarne deponije,43.879473,20.38532,1973,52,0.0,0.0,0.0,0.0,0.0,0.0
Nesanitarne deponije,44.239864,22.556559,1959,66,594000.0,594000.0,1485000.0,9000.0,11.54,288.38
Nesanitarne deponije,44.4646783,21.679741,2002,23,45103.0,45103.0,112757.5,1961.0,1.4,35.04
Nesanitarne deponije,43.7195,21.389,1980,45,225000.0,225000.0,562500.0,5000.0,5.42,135.42
Nesanitarne deponije,45.2363348,21.1289255,1980,45,112500.0,112500.0,281250.0,2500.0,2.71,67.71
Nesanitarne deponije,43.2884718,21.8854718,1968,57,8550000.0,8550000.0,21375000.0,150000.0,181.36,4533.96
Nesanitarne deponije,44.269656,19.9249978,1990,35,1347500.0,1347500.0,3368750.0,38500.0,36.33,908.27
Nesanitarne deponije,45.8621904,19.1159462,1991,34,1360000.0,1360000.0,3400000.0,40000.0,37.1,927.44
Nesanitarne deponije,45.787467,19.618383,1987,38,119320.0,119320.0,298300.0,3140.0,3.11,77.69
Nesanitarne deponije,43.580309,22.262006,1950,75,900000.0,900000.0,2250000.0,12000.0,16.09,402.2
Nesanitarne deponije,43.2884718,21.8854718,1968,57,8550000.0,8550000.0,21375000.0,150000.0,181.36,4533.96
Nesanitarne deponije,43.9368,20.7338,1981,44,277200.0,277200.0,693000.0,6300.0,6.75,168.69
Nesanitarne deponije,43.8781763,21.3475269,1975,50,951000.0,951000.0,2377500.0,19020.0,21.69,542.29
Nesanitarne deponije,43.3062479,21.3246058,1977,48,595200.0,595200.0,1488000.0,12400.0,13.87,346.74
Nesanitarne deponije,43.976582,21.276852,1970,55,0.0,0.0,0.0,0.0,0.0,0.0
Nesanitarne deponije,43.291414,20.6367963,1984,41,287000.0,287000.0,717500.0,7000.0,7.22,180.6
Nesanitarne deponije,43.45,21.02,1970,55,259985.0,259985.0,649962.5,4727.0,5.63,140.71
Nesanitarne deponije,45.222989,20.7940327,2011,14,149800.0,149800.0,374500.0,10700.0,5.14,128.52
Nesanitarne deponije,43.1409,21.5126,2003,22,51636.0,51636.0,129090.0,2347.09,1.62,40.59
Nesanitarne deponije,43.021,21.5726,1988,37,182580.0,182580.0,456450.0,4934.59,4.81,120.25
Nesanitarne deponije,43.043,21.5106,2000,25,54405.0,54405.0,136012.5,2176.2,1.65,41.27
Nesanitarne deponije,42.5813,21.5606,1980,45,424945.0,424945.0,1062362.5,9443.22,10.23,255.77
Nesanitarne deponije,43.109,22.56,2010,15,30000.0,30000.0,75000.0,2000.0,1.02,25.49
Nesanitarne deponije,43.182,22.569,1990,35,0.0,0.0,0.0,0.0,0.0,0.0
Nesanitarne deponije,44.1,21.3,1995,30,380.0,380.0,950.0,12.67,0.01,0.27
Nesanitarne deponije,44.06742,22.13158,1990,35,521640.0,521640.0,1304100.0,14904.0,14.06,351.61
Nesanitarne deponije,45.0,20.0,1991,34,1230800.0,1230800.0,3077000.0,36200.0,33.57,839.34
Nesanitarne deponije,45.375949,19.2052207,1990,35,167650.0,167650.0,419125.0,4790.0,4.52,113.0
Nesanitarne deponije,42.714218,22.140422,1981,44,367664.0,367664.0,919160.0,8356.0,8.95,223.74
Nesanitarne deponije,45.615375,19.736438,2006,19,399000.0,399000.0,997500.0,21000.0,12.99,324.72
Nesanitarne deponije,45.2926441,21.2926441,1966,59,2360000.0,2360000.0,5900000.0,40000.0,49.06,1226.57
Nesanitarne deponije,42.48678,22.48848,1974,51,193800.0,193800.0,484500.0,3800.0,4.37,109.35
Nesanitarne deponije,45.311,19.842295,1963,62,22068061.76,22068061.76,55170154.4,355936.48,445.39,11134.63
Nesanitarne deponije,43.966106,22.357016,1965,60,1138800.0,1138800.0,2847000.0,18980.0,23.44,586.01
Nesanitarne deponije,44.62,20.2,1985,40,2800000.0,2800000.0,7000000.0,70000.0,71.28,1781.98
Nesanitarne deponije,45.4239165,19.8547558,1965,60,458315.0,458315.0,1145787.5,7638.58,9.43,235.84
Nesanitarne deponije,42.52613,21.91062,1962,63,0.0,0.0,0.0,0.0,0.0,0.0
Nesanitarne deponije,43.73,20.71,1971,54,2168300.0,2168300.0,5420750.0,40153.7,47.43,1185.66
Nesanitarne deponije,44.4022255,19.3312337,1980,45,44088.0,44088.0,110220.0,979.73,1.06,26.54
Nesanitarne deponije,43.5234,21.0821,1983,42,63000.0,63000.0,157500.0,1500.0,1.57,39.2
Nesanitarne deponije,43.026099,22.812156,1970,55,27500.0,27500.0,68750.0,500.0,0.6,14.88
Nesanitarne deponije,44.0,21.0,1970,55,550000.0,550000.0,1375000.0,10000.0,11.91,297.67
Nesanitarne deponije,43.7460333,19.7044344,1981,44,0.0,0.0,0.0,0.0,0.0,0.0
Nesanitarne deponije,43.7105736,19.6739422,2002,23,154.0,154.0,385.0,6.7,0.0,0.12
Nesanitarne deponije,45.592039,20.046126,1965,60,1200000.0,1200000.0,3000000.0,20000.0,24.7,617.51
Nesanitarne deponije,43.983624,19.939454,1981,44,7500.0,7500.0,18750.0,170.45,0.18,4.56
Nesanitarne deponije,42.9752013,22.1170878,1980,45,13500.0,13500.0,33750.0,300.0,0.33,8.13
Nesanitarne deponije,45.044369,20.860375,2000,25,25000.0,25000.0,62500.0,1000.0,0.76,18.97
Nesanitarne deponije,45.060005,21.018658,2000,25,32500.0,32500.0,81250.0,1300.0,0.99,24.66
Nesanitarne deponije,45.090889,20.979096,2000,25,32500.0,32500.0,81250.0,1300.0,0.99,24.66
Nesanitarne deponije,45.479018,19.261676,1999,26,330200.0,330200.0,825500.0,12700.0,9.9,247.54
Nesanitarne deponije,43.46204,20.061617,1965,60,39.0,39.0,97.5,0.65,0.0,0.02
Nesanitarne deponije,43.4576345,22.2032516,1987,38,151924.0,151924.0,379810.0,3998.0,3.96,98.92
Nesanitarne deponije,43.2660422,21.7040037,2000,25,100000.0,100000.0,250000.0,4000.0,3.03,75.87
Nesanitarne deponije,42.52613,21.91062,1962,63,0.0,0.0,0.0,0.0,0.0,0.0
Nesanitarne deponije,44.7457,21.5464,1992,33,177190.0,177190.0,442975.0,5369.39,4.89,122.26
Nesanitarne deponije,43.0,19.0,1987,38,190.0,190.0,475.0,5.0,0.0,0.12
Nesanitarne deponije,43.6479494,21.2851516,1984,41,2214000.0,2214000.0,5535000.0,54000.0,55.73,1393.21
Nesanitarne deponije,42.324183,21.633724,1995,30,113100.0,113100.0,282750.0,3770.0,3.23,80.85
Nesanitarne deponije,43.7845,20.2703,1982,43,0.0,0.0,0.0,0.0,0.0,0.0
Nesanitarne deponije,43.459331,19.796631,1986,39,156000.0,156000.0,390000.0,4000.0,4.02,100.42
Nesanitarne deponije,43.45,21.02,1970,55,256960.0,256960.0,642400.0,4672.0,5.56,139.07
Nesanitarne deponije,42.4572,21.79063,2015,10,85000.0,85000.0,212500.0,8500.0,3.0,75.09
Nesanitarne deponije,42.456956,21.785286,1993,32,0.0,0.0,0.0,0.0,0.0,0.0
Nesanitarne deponije,45.18149,20.04076,1990,35,49000.0,49000.0,122500.0,1400.0,1.32,33.03
Nesanitarne deponije,45.29047,20.02215,1988,37,103600.0,103600.0,259000.0,2800.0,2.73,68.23
Nesanitarne deponije,45.22377,20.0215,1989,36,126000.0,126000.0,315000.0,3500.0,3.36,83.95
Nesanitarne deponije,43.0,22.0,1980,45,27000.0,27000.0,67500.0,600.0,0.65,16.25
Nesanitarne deponije,45.375949,19.2052207,1990,35,167650.0,167650.0,419125.0,4790.0,4.52,113.0
Nesanitarne deponije,43.2435,19.382,1972,53,583000.0,583000.0,1457500.0,11000.0,12.88,322.12
Nesanitarne deponije,43.65,21.82,1970,55,550000.0,550000.0,1375000.0,10000.0,11.91,297.67
Nesanitarne deponije,44.45318,19.422962,1994,31,0.0,0.0,0.0,0.0,0.0,0.0
Nesanitarne deponije,44.56,22.56,1997,28,238000.0,238000.0,595000.0,8500.0,6.97,174.22
Nesanitarne deponije,44.8836174,20.6296634,1964,61,1925000.0,1925000.0,4812500.0,31557.38,39.23,980.85
Nesanitarne deponije,44.1143,21.731,1992,33,2125.0,2125.0,5312.5,64.39,0.06,1.47
Nesanitarne deponije,44.3825454,20.9979128,1990,35,0.0,0.0,0.0,0.0,0.0,0.0
Nesanitarne deponije,45.787467,19.618383,1987,38,119320.0,119320.0,298300.0,3140.0,3.11,77.69
Nesanitarne deponije,43.5361575,21.7035322,1989,36,342000.0,342000.0,855000.0,9500.0,9.11,227.86
Nesanitarne deponije,43.73,20.71,1971,54,2141060.0,2141060.0,5352650.0,39649.26,46.83,1170.77
Nesanitarne deponije,43.026099,22.812156,1970,55,27500.0,27500.0,68750.0,500.0,0.6,14.88
Nesanitarne deponije,43.3999438,21.0383712,1969,56,208000.0,208000.0,520000.0,3714.29,4.46,111.43
Nesanitarne deponije,43.5234,21.0821,1983,42,63000.0,63000.0,157500.0,1500.0,1.57,39.2
Nesanitarne deponije,45.6043274,20.1837872,1951,74,666000.0,666000.0,1665000.0,9000.0,12.01,300.3
Nesanitarne deponije,45.0,20.0,1991,34,1241000.0,1241000.0,3102500.0,36500.0,33.85,846.29
Nesanitarne deponije,44.0,21.0,1964,61,0.0,0.0,0.0,0.0,0.0,0.0
Nesanitarne deponije,43.0,19.0,2008,17,2975.0,2975.0,7437.5,175.0,0.1,2.48
Nesanitarne deponije,43.6652,21.5625875,1986,39,39000.0,39000.0,97500.0,1000.0,1.0,25.1
Nesanitarne deponije,45.246702,19.499267,1984,41,1867058.0,1867058.0,4667645.0,45538.0,47.0,1174.89
Nesanitarne deponije,44.7743084,19.4726886,1990,35,155200.0,155200.0,388000.0,4434.29,4.18,104.61
Nesanitarne deponije,44.833814,19.4535269,1990,35,185600.0,185600.0,464000.0,5302.86,5.0,125.1
Nesanitarne deponije,44.351846,21.132731,2006,19,760000.0,760000.0,1900000.0,40000.0,24.74,618.52
Nesanitarne deponije,45.4239165,19.8547558,1965,60,396000.0,396000.0,990000.0,6600.0,8.15,203.78
Nesanitarne deponije,44.0,21.0,1980,45,320349.4,320349.4,800873.5,7118.88,7.71,192.81
Nesanitarne deponije,45.0,18.0,1978,47,338400.0,338400.0,846000.0,7200.0,7.97,199.28
Nesanitarne deponije,44.2363033,20.2553087,1985,40,0.0,0.0,0.0,0.0,0.0,0.0
Nesanitarne deponije,44.2344272,20.3964209,1987,38,108800.0,108800.0,272000.0,2863.16,2.83,70.84
Nesanitarne deponije,43.976582,21.276852,1970,55,2000.0,2000.0,5000.0,36.36,0.04,1.08
Nesanitarne deponije,45.12371,20.171451,1989,36,108000.0,108000.0,270000.0,3000.0,2.88,71.96
Nesanitarne deponije,45.165838,20.55476,1992,33,320760.0,320760.0,801900.0,9720.0,8.85,221.32
Nesanitarne deponije,45.181193,20.111967,2000,25,17500.0,17500.0,43750.0,700.0,0.53,13.28
Nesanitarne deponije,42.2912,22.2919,1974,51,76500.0,76500.0,191250.0,1500.0,1.73,43.16
Nesanitarne deponije,44.8665327,20.977646,2010,15,12480.0,12480.0,31200.0,832.0,0.42,10.6
Nesanitarne deponije,44.7849088,21.071952,1950,75,62400.0,62400.0,156000.0,832.0,1.12,27.89
Nesanitarne deponije,44.8023496,21.2041897,1950,75,62400.0,62400.0,156000.0,832.0,1.12,27.89
Nesanitarne deponije,44.8511724,21.0400591,1950,75,62400.0,62400.0,156000.0,832.0,1.12,27.89
Nesanitarne deponije,44.8301833,20.8673946,1950,75,124800.0,124800.0,312000.0,1664.0,2.23,55.77
Nesanitarne deponije,44.7701096,20.9094028,1950,75,62400.0,62400.0,156000.0,832.0,1.12,27.89
Nesanitarne deponije,44.7147421,20.8746521,2003,22,18304.0,18304.0,45760.0,832.0,0.58,14.39
Nesanitarne deponije,44.7467258,20.9630099,1980,45,466110.0,466110.0,1165275.0,10358.0,11.22,280.55
Nesanitarne deponije,44.651648,20.951778,1971,54,1080000.0,1080000.0,2700000.0,20000.0,23.62,590.56
Nesanitarne deponije,43.858029,19.872087,1973,52,241800.0,241800.0,604500.0,4650.0,5.4,135.0
Nesanitarne deponije,44.034167,20.931949,1968,57,11697408.9,11697408.9,29243522.25,205217.7,248.12,6203.0
Nesanitarne deponije,45.127541,20.500531,2009,16,52800.0,52800.0,132000.0,3300.0,1.78,44.41
Nesanitarne deponije,44.904343,21.382778,1994,31,124545.6,124545.6,311364.0,4017.6,3.52,87.98
Nesanitarne deponije,45.479018,19.261676,1999,26,325000.0,325000.0,812500.0,12500.0,9.75,243.64
Nesanitarne deponije,44.54,19.2,1965,60,1800000.0,1800000.0,4500000.0,30000.0,37.05,926.26
Nesanitarne deponije,45.0,19.0,1974,51,0.0,0.0,0.0,0.0,0.0,0.0
Nesanitarne deponije,45.0,19.0,1974,51,1122000.0,1122000.0,2805000.0,22000.0,25.32,633.06
Nesanitarne deponije,43.88001,20.38266,1973,52,0.0,0.0,0.0,0.0,0.0,0.0
Nesanitarne deponije,46.079331,19.686445,1978,47,2350000.0,2350000.0,5875000.0,50000.0,55.36,1383.9
Nesanitarne deponije,45.615375,19.736438,2006,19,399000.0,399000.0,997500.0,21000.0,12.99,324.72
Nesanitarne deponije,45.8621904,19.1159462,1991,34,1471486.0,1471486.0,3678715.0,43279.0,40.14,1003.47
Nesanitarne deponije,43.966106,22.357016,1965,60,1018200.0,1018200.0,2545500.0,16970.0,20.96,523.95
Nesanitarne deponije,44.62,20.2,1985,40,2400000.0,2400000.0,6000000.0,60000.0,61.1,1527.41
Nesanitarne deponije,42.676906,22.056099,1970,55,0.0,0.0,0.0,0.0,0.0,0.0
Nesanitarne deponije,43.8781763,21.3475269,1975,50,835000.0,835000.0,2087500.0,16700.0,19.05,476.14
Nesanitarne deponije,44.1,21.3,1995,30,380.0,380.0,950.0,12.67,0.01,0.27
Nesanitarne deponije,45.044369,20.860375,2000,25,25000.0,25000.0,62500.0,1000.0,0.76,18.97
Nesanitarne deponije,45.060005,21.018658,2000,25,37500.0,37500.0,93750.0,1500.0,1.14,28.45
Nesanitarne deponije,45.090889,20.979096,2000,25,37500.0,37500.0,93750.0,1500.0,1.14,28.45
Nesanitarne deponije,45.0888835,20.0496178,1981,44,753280.0,753280.0,1883200.0,17120.0,18.34,458.41
Nesanitarne deponije,44.239864,22.556559,1959,66,660000.0,660000.0,1650000.0,10000.0,12.82,320.42
Nesanitarne deponije,45.136345,19.203782,1982,43,530362.0,530362.0,1325905.0,12334.0,13.05,326.35
Nesanitarne deponije,45.2363348,21.1289255,1980,45,87750.0,87750.0,219375.0,1950.0,2.11,52.82
Nesanitarne deponije,44.404548,21.946732,2004,21,36750.0,36750.0,91875.0,1750.0,1.17,29.23
Nesanitarne deponije,45.222989,20.7940327,2011,14,145320.0,145320.0,363300.0,10380.0,4.99,124.68
Nesanitarne deponije,45.592039,20.046126,1965,60,1200000.0,1200000.0,3000000.0,20000.0,24.7,617.51
Nesanitarne deponije,43.3062479,21.3246058,1977,48,235200.0,235200.0,588000.0,4900.0,5.48,137.02
Nesanitarne deponije,45.016111,19.846553,1984,41,770800.0,770800.0,1927000.0,18800.0,19.4,485.04
Nesanitarne deponije,43.4939197,19.6327993,1983,42,151704.0,151704.0,379260.0,3612.0,3.78,94.4
Nesanitarne deponije,43.46204,20.061617,1965,60,19.5,19.5,48.75,0.33,0.0,0.01
Nesanitarne deponije,45.8912,20.1031,2002,23,195195.0,195195.0,487987.5,8486.74,6.07,151.64
Nesanitarne deponije,42.5813,21.5606,1980,45,424945.0,424945.0,1062362.5,9443.22,10.23,255.77
Nesanitarne deponije,43.1409,21.5126,2003,22,51636.0,51636.0,129090.0,2347.09,1.62,40.59
Nesanitarne deponije,43.043,21.5106,2000,25,54405.0,54405.0,136012.5,2176.2,1.65,41.27
Nesanitarne deponije,43.021,21.5726,1988,37,182580.0,182580.0,456450.0,4934.59,4.81,120.25
Nesanitarne deponije,43.983624,19.939454,1981,44,7500.0,7500.0,18750.0,170.45,0.18,4.56
Nesanitarne deponije,43.182,22.569,1990,35,0.0,0.0,0.0,0.0,0.0,0.0
Nesanitarne deponije,43.109,22.56,2010,15,30000.0,30000.0,75000.0,2000.0,1.02,25.49
Nesanitarne deponije,43.6793,20.8603,2016,9,130500.0,130500.0,326250.0,14500.0,4.63,115.64
Nesanitarne deponije,44.7862355,20.5955171,1977,48,89508565.02,89508565.02,223771412.55,1864761.77,2085.77,52144.33
Nesanitarne deponije,43.5995715,20.9820633,1991,34,255000.0,255000.0,637500.0,7500.0,6.96,173.9
Nesanitarne deponije,44.4770813,20.0894164,1965,60,520320.0,520320.0,1300800.0,8672.0,10.71,267.75
Nesanitarne deponije,44.05,22.06,1990,35,582400.0,582400.0,1456000.0,16640.0,15.7,392.56
Nesanitarne deponije,43.2356538,21.5980195,1992,33,10450.0,10450.0,26125.0,316.67,0.29,7.21
Nesanitarne deponije,43.126827,21.221966,2003,22,124740.0,124740.0,311850.0,5670.0,3.92,98.05
Nesanitarne deponije,44.4197145,20.3699057,2011,14,350000.0,350000.0,875000.0,25000.0,12.01,300.29
Nesanitarne deponije,45.3631842,19.6180128,1985,40,38000.0,38000.0,95000.0,950.0,0.97,24.18
Nesanitarne deponije,43.2884718,21.8854718,1968,57,5263893.0,5263893.0,13159732.5,92349.0,111.66,2791.38
Nesanitarne deponije,43.7460333,19.7044344,1981,44,0.0,0.0,0.0,0.0,0.0,0.0
Nesanitarne deponije,43.7105736,19.6739422,2002,23,0.0,0.0,0.0,0.0,0.0,0.0
Nesanitarne deponije,44.4646783,21.679741,2002,23,45540.0,45540.0,113850.0,1980.0,1.42,35.38
Nesanitarne deponije,44.632601,19.789862,1994,31,65100.0,65100.0,162750.0,2100.0,1.84,45.99
Nesanitarne deponije,43.8136797,20.0429123,1975,50,0.0,0.0,0.0,0.0,0.0,0.0
Nesanitarne deponije,44.38174,20.20693,2004,21,147750.0,147750.0,369375.0,7035.71,4.7,117.51
Nesanitarne deponije,45.9406629,20.1653909,1996,29,104400.0,104400.0,261000.0,3600.0,3.02,75.52
Nesanitarne deponije,44.818424,20.081981,2010,15,90000.0,90000.0,225000.0,6000.0,3.06,76.47
Nesanitarne deponije,45.3540472,20.3644608,1986,39,1560000.0,1560000.0,3900000.0,40000.0,40.17,1004.16
Nesanitarne deponije,45.317541,19.834156,1963,62,17264498.92,17264498.92,43161247.3,278459.66,348.44,8710.95
Nesanitarne deponije,44.269656,19.9249978,1990,35,1330000.0,1330000.0,3325000.0,38000.0,35.86,896.47
Nesanitarne deponije,44.4022255,19.3312337,1980,45,43912.0,43912.0,109780.0,975.82,1.06,26.43
Nesanitarne deponije,44.729943,21.193231,1985,40,214341.2,214341.2,535853.0,5358.53,5.46,136.41
Nesanitarne deponije,44.643901,21.179896,1989,36,1164579.69,1164579.69,2911449.22,32349.44,31.04,775.91
Nesanitarne deponije,42.714218,22.140422,1981,44,318780.0,318780.0,796950.0,7245.0,7.76,194.0
Nesanitarne deponije,45.2926441,21.2926441,1966,59,2378880.0,2378880.0,5947200.0,40320.0,49.46,1236.38
Nesanitarne deponije,43.9368,20.7338,1981,44,103620.0,103620.0,259050.0,2355.0,2.52,63.06
Nesanitarne deponije,44.4752325,20.0887888,2004,21,147424.0,147424.0,368560.0,7020.19,4.69,117.25
Nesanitarne deponije,44.2700821,20.6796526,1970,55,440000.0,440000.0,1100000.0,8000.0,9.53,238.13
Nesanitarne deponije,43.2660422,21.7040037,2000,25,100000.0,100000.0,250000.0,4000.0,3.03,75.87
Nesanitarne deponije,43.291414,20.6367963,1984,41,287000.0,287000.0,717500.0,7000.0,7.22,180.6
Nesanitarne deponije,46.075846,20.1027,1984,41,190117.0,190117.0,475292.5,4637.0,4.79,119.64
Nesanitarne deponije,43.4576345,22.2032516,1987,38,152684.0,152684.0,381710.0,4018.0,3.98,99.41
Nesanitarne deponije,45.6895345,19.6988385,1990,35,10080.0,10080.0,25200.0,288.0,0.27,6.79
Nesanitarne deponije,45.2017398,19.7038667,1970,55,220000.0,220000.0,550000.0,4000.0,4.76,119.07
Nesanitarne deponije,43.807785,21.872181,1994,31,96720.0,96720.0,241800.0,3120.0,2.73,68.33
Nesanitarne deponije,43.580309,22.262006,1950,75,675000.0,675000.0,1687500.0,9000.0,12.07,301.65
Nesanitarne deponije,44.0,21.0,1970,55,550000.0,550000.0,1375000.0,10000.0,11.91,297.67
Nesanitarne deponije,46.089054,20.017072,1981,44,351000.0,351000.0,877500.0,7977.27,8.54,213.6
Nesanitarne deponije,45.73294,19.372397,1990,35,105875.0,105875.0,264687.5,3025.0,2.85,71.36
Nesanitarne deponije,45.4124,19.2526,1976,49,333200.0,333200.0,833000.0,6800.0,7.68,192.04
Nesanitarne deponije,45.3337,19.3256,1990,35,2929500.0,2929500.0,7323750.0,83700.0,78.98,1974.6
Nesanitarne deponije,45.7958676,20.1013361,1985,40,300000.0,300000.0,750000.0,7500.0,7.64,190.93
Nesanitarne deponije,44.7743084,19.4726886,1990,35,208000.0,208000.0,520000.0,5942.86,5.61,140.2
Nesanitarne deponije,44.833814,19.4535269,1990,35,254080.0,254080.0,635200.0,7259.43,6.85,171.26
Nesanitarne deponije,44.4197145,20.3699057,2011,14,700000.0,700000.0,1750000.0,50000.0,24.02,600.58
Nesanitarne deponije,46.075846,20.1027,1984,41,0.0,0.0,0.0,0.0,0.0,0.0
Nesanitarne deponije,43.9368,20.7338,1981,44,277200.0,277200.0,693000.0,6300.0,6.75,168.69
Nesanitarne deponije,44.477232,19.822436,1980,45,472500.0,472500.0,1181250.0,10500.0,11.38,284.39
Nesanitarne deponije,43.46204,20.061617,1965,60,195.0,195.0,487.5,3.25,0.0,0.1
Nesanitarne deponije,45.362196,19.311885,1987,38,77102.0,77102.0,192755.0,2029.0,2.01,50.2
Nesanitarne deponije,45.4124,19.2526,1976,49,147000.0,147000.0,367500.0,3000.0,3.39,84.72
Nesanitarne deponije,44.7147421,20.8746521,2003,22,19800.0,19800.0,49500.0,900.0,0.62,15.56
Nesanitarne deponije,44.8301833,20.8673946,1950,75,133500.0,133500.0,333750.0,1780.0,2.39,59.66
Nesanitarne deponije,44.7701096,20.9094028,1950,75,110250.0,110250.0,275625.0,1470.0,1.97,49.27
Nesanitarne deponije,44.8511724,21.0400591,1950,75,71250.0,71250.0,178125.0,950.0,1.27,31.84
Nesanitarne deponije,44.7467258,20.9630099,1980,45,497475.0,497475.0,1243687.5,11055.0,11.98,299.42
Nesanitarne deponije,44.8023496,21.2041897,1950,75,65625.0,65625.0,164062.5,875.0,1.17,29.33
Nesanitarne deponije,45.73294,19.372397,1990,35,87500.0,87500.0,218750.0,2500.0,2.36,58.98
Nesanitarne deponije,44.7849088,21.071952,1950,75,70875.0,70875.0,177187.5,945.0,1.27,31.67
Nesanitarne deponije,44.8665327,20.977646,2010,15,15000.0,15000.0,37500.0,1000.0,0.51,12.75
Nesanitarne deponije,45.3337,19.3256,1990,35,420000.0,420000.0,1050000.0,12000.0,11.32,283.1
Nesanitarne deponije,43.4939197,19.6327993,1983,42,306096.0,306096.0,765240.0,7288.0,7.62,190.47
Nesanitarne deponije,44.404548,21.946732,2004,21,37800.0,37800.0,94500.0,1800.0,1.2,30.06
Nesanitarne deponije,43.6479494,21.2851516,1984,41,1927000.0,1927000.0,4817500.0,47000.0,48.5,1212.61
Nesanitarne deponije,43.983624,19.939454,1981,44,7500.0,7500.0,18750.0,170.45,0.18,4.56
Nesanitarne deponije,45.044369,20.860375,2000,25,25000.0,25000.0,62500.0,1000.0,0.76,18.97
Nesanitarne deponije,45.6043274,20.1837872,1951,74,666000.0,666000.0,1665000.0,9000.0,12.01,300.3
Nesanitarne deponije,45.060005,21.018658,2000,25,32500.0,32500.0,81250.0,1300.0,0.99,24.66
Nesanitarne deponije,44.904343,21.382778,1994,31,154101.0,154101.0,385252.5,4971.0,4.35,108.86
Nesanitarne deponije,43.65,21.82,1970,55,440000.0,440000.0,1100000.0,8000.0,9.53,238.13
Nesanitarne deponije,45.0,19.0,1974,51,765000.0,765000.0,1912500.0,15000.0,17.27,431.63
Nesanitarne deponije,45.2017398,19.7038667,1970,55,330000.0,330000.0,825000.0,6000.0,7.14,178.6
Nesanitarne deponije,44.45318,19.422962,1994,31,0.0,0.0,0.0,0.0,0.0,0.0
Nesanitarne deponije,43.3999438,21.0383712,1969,56,208000.0,208000.0,520000.0,3714.29,4.46,111.43
Nesanitarne deponije,43.858029,19.872087,1973,52,195000.0,195000.0,487500.0,3750.0,4.35,108.87
Nesanitarne deponije,44.5931,21.2322,2006,19,57000.0,57000.0,142500.0,3000.0,1.86,46.39
Nesanitarne deponije,45.3631842,19.6180128,1985,40,8800.0,8800.0,22000.0,220.0,0.22,5.6
Nesanitarne deponije,42.324183,21.633724,1995,30,125220.0,125220.0,313050.0,4174.0,3.58,89.51
Nesanitarne deponije,44.56,22.56,1997,28,238000.0,238000.0,595000.0,8500.0,6.97,174.22
Nesanitarne deponije,45.2,20.1,2019,6,9984.0,9984.0,24960.0,1664.0,0.35,8.69
Nesanitarne deponije,42.52613,21.91062,1962,63,0.0,0.0,0.0,0.0,0.0,0.0
Nesanitarne deponije,45.12371,20.171451,1989,36,112320.0,112320.0,280800.0,3120.0,2.99,74.83
Nesanitarne deponije,43.2884718,21.8854718,1968,57,9120000.0,9120000.0,22800000.0,160000.0,193.45,4836.23
Nesanitarne deponije,42.676906,22.056099,1970,55,0.0,0.0,0.0,0.0,0.0,0.0
Nesanitarne deponije,43.126827,21.221966,2003,22,208516.0,208516.0,521290.0,9478.0,6.56,163.91
Nesanitarne deponije,44.4646783,21.679741,2002,23,45540.0,45540.0,113850.0,1980.0,1.42,35.38
Nesanitarne deponije,45.8621904,19.1159462,1991,34,1360000.0,1360000.0,3400000.0,40000.0,37.1,927.44
Nesanitarne deponije,45.136345,19.203782,1982,43,430.0,430.0,1075.0,10.0,0.01,0.26
Nesanitarne deponije,43.035496,20.425255,1999,26,894400.0,894400.0,2236000.0,34400.0,26.82,670.51
Nesanitarne deponije,44.643901,21.179896,1989,36,1256204.4,1256204.4,3140511.0,34894.57,33.48,836.96
Nesanitarne deponije,44.729943,21.193231,1985,40,0.0,0.0,0.0,0.0,0.0,0.0
Nesanitarne deponije,45.127541,20.500531,2009,16,53600.0,53600.0,134000.0,3350.0,1.8,45.08
Nesanitarne deponije,45.895785,20.103254,2002,23,80010.0,80010.0,200025.0,3478.7,2.49,62.16
Nesanitarne deponije,44.0,21.0,1980,45,328000.0,328000.0,820000.0,7288.89,7.9,197.42
Nesanitarne deponije,43.678714,20.86053,2015,10,250000.0,250000.0,625000.0,25000.0,8.83,220.87
Nesanitarne deponije,45.9406629,20.1653909,1996,29,9802.0,9802.0,24505.0,338.0,0.28,7.09
Nesanitarne deponije,42.456956,21.785286,1993,32,0.0,0.0,0.0,0.0,0.0,0.0
Nesanitarne deponije,42.4572,21.79063,2015,10,80000.0,80000.0,200000.0,8000.0,2.83,70.68
Nesanitarne deponije,45.246702,19.499267,1984,41,3409560.0,3409560.0,8523900.0,83160.0,85.82,2145.54
Nesanitarne deponije,44.034167,20.931949,1968,57,10986009.0,10986009.0,27465022.5,192737.0,233.03,5825.75
Nesanitarne deponije,43.1409,21.5126,2003,22,51636.0,51636.0,129090.0,2347.09,1.62,40.59
Nesanitarne deponije,43.021,21.5726,1988,37,182580.0,182580.0,456450.0,4934.59,4.81,120.25
Nesanitarne deponije,43.043,21.5106,2000,25,54405.0,54405.0,136012.5,2176.2,1.65,41.27
Nesanitarne deponije,42.5813,21.5606,1980,45,424945.0,424945.0,1062362.5,9443.22,10.23,255.77
Nesanitarne deponije,44.651648,20.951778,1971,54,2160000.0,2160000.0,5400000.0,40000.0,47.24,1181.12
Nesanitarne deponije,44.818424,20.081981,2010,15,112500.0,112500.0,281250.0,7500.0,3.82,95.59
Nesanitarne deponije,45.3540472,20.3644608,1986,39,1560000.0,1560000.0,3900000.0,40000.0,40.17,1004.16
Nesanitarne deponije,43.720387,21.3889681,1986,39,253500.0,253500.0,633750.0,6500.0,6.53,163.18
Nesanitarne deponije,44.1143,21.731,1992,33,2040.0,2040.0,5100.0,61.82,0.06,1.41
Nesanitarne deponije,44.54,19.2,1965,60,2220000.0,2220000.0,5550000.0,37000.0,45.7,1142.39
Nesanitarne deponije,43.2965,19.9378,2008,17,127500.0,127500.0,318750.0,7500.0,4.24,106.1
Nesanitarne deponije,46.089054,20.017072,1981,44,0.0,0.0,0.0,0.0,0.0,0.0
Nesanitarne deponije,46.079331,19.686445,1978,47,2350000.0,2350000.0,5875000.0,50000.0,55.36,1383.9
Nesanitarne deponije,43.109,22.56,2010,15,30000.0,30000.0,75000.0,2000.0,1.02,25.49
Nesanitarne deponije,43.5672622,21.6806705,1989,36,409370.4,409370.4,1023426.0,11371.4,10.91,272.75
Nesanitarne deponije,43.182,22.569,1990,35,0.0,0.0,0.0,0.0,0.0,0.0
Nesanitarne deponije,43.7845,20.2703,1982,43,0.0,0.0,0.0,0.0,0.0,0.0
Nesanitarne deponije,45.090889,20.979096,2000,25,32500.0,32500.0,81250.0,1300.0,0.99,24.66
Nesanitarne deponije,44.8861517,20.6257616,1964,61,12870330.0,12870330.0,32175825.0,210989.02,262.31,6557.84
Nesanitarne deponije,43.6652,21.5625875,1986,39,42900.0,42900.0,107250.0,1100.0,1.1,27.61
Nesanitarne deponije,44.729943,21.193231,1985,40,0.0,0.0,0.0,0.0,0.0,0.0
Nesanitarne deponije,44.643901,21.179896,1989,36,1256204.37,1256204.37,3140510.93,34894.57,33.48,836.96
Nesanitarne deponije,44.06742,22.13158,1990,35,820085.0,820085.0,2050212.5,23431.0,22.11,552.77
Nesanitarne deponije,43.0,21.0,1964,61,0.0,0.0,0.0,0.0,0.0,0.0
Nesanitarne deponije,43.976582,21.276852,1970,55,0.0,0.0,0.0,0.0,0.0,0.0
Nesanitarne deponije,44.2700821,20.6796526,1970,55,440000.0,440000.0,1100000.0,8000.0,9.53,238.13
Nesanitarne deponije,43.2356538,21.5980195,1992,33,0.0,0.0,0.0,0.0,0.0,0.0
Nesanitarne deponije,45.29047,20.02215,1988,37,63307.0,63307.0,158267.5,1711.0,1.67,41.69
Nesanitarne deponije,45.18149,20.04076,1990,35,40355.0,40355.0,100887.5,1153.0,1.09,27.2
Nesanitarne deponije,45.22377,20.0215,1989,36,111600.0,111600.0,279000.0,3100.0,2.97,74.35
Nesanitarne deponije,45.0,18.0,1978,47,365472.0,365472.0,913680.0,7776.0,8.61,215.22
Nesanitarne deponije,44.239864,22.556559,1959,66,629508.0,629508.0,1573770.0,9538.0,12.22,305.61
Nesanitarne deponije,45.4239165,19.8547558,1965,60,458315.0,458315.0,1145787.5,7638.58,9.43,235.84
Nesanitarne deponije,45.615375,19.736438,2006,19,399000.0,399000.0,997500.0,21000.0,12.99,324.72
Nesanitarne deponije,43.026099,22.812156,1970,55,27500.0,27500.0,68750.0,500.0,0.6,14.88
Nesanitarne deponije,42.3821709,22.0594989,1992,33,2607.0,2607.0,6517.5,79.0,0.07,1.8
Nesanitarne deponije,45.2926441,21.2926441,1966,59,2478000.0,2478000.0,6195000.0,42000.0,51.52,1287.9
Nesanitarne deponije,44.38174,20.20693,2004,21,147750.0,147750.0,369375.0,7035.71,4.7,117.51
Nesanitarne deponije,44.3825454,20.9979128,1990,35,0.0,0.0,0.0,0.0,0.0,0.0
Nesanitarne deponije,43.291414,20.6367963,1984,41,287000.0,287000.0,717500.0,7000.0,7.22,180.6
Nesanitarne deponije,44.4770813,20.0894164,1965,60,821400.0,821400.0,2053500.0,13690.0,16.91,422.68
Nesanitarne deponije,43.3062479,21.3246058,1977,48,576000.0,576000.0,1440000.0,12000.0,13.42,335.56
Nesanitarne deponije,42.9752013,22.1170878,1980,45,18000.0,18000.0,45000.0,400.0,0.43,10.83
Nesanitarne deponije,45.222989,20.7940327,2011,14,147000.0,147000.0,367500.0,10500.0,5.04,126.12
Nesanitarne deponije,43.5995715,20.9820633,1991,34,309400.0,309400.0,773500.0,9100.0,8.44,210.99
Nesanitarne deponije,44.1,21.3,1995,30,380.0,380.0,950.0,12.67,0.01,0.27
Nesanitarne deponije,43.7195,21.389,1980,45,135000.0,135000.0,337500.0,3000.0,3.25,81.25
Nesanitarne deponije,45.479018,19.261676,1999,26,335400.0,335400.0,838500.0,12900.0,10.06,251.44
Nesanitarne deponije,45.311,19.842295,1963,62,20515163.26,20515163.26,51287908.15,330889.73,414.04,10351.1
Nesanitarne deponije,44.4022255,19.3312337,1980,45,48796.0,48796.0,121990.0,1084.36,1.17,29.37
Nesanitarne deponije,44.632601,19.789862,1994,31,77500.0,77500.0,193750.0,2500.0,2.19,54.75
Nesanitarne deponije,43.5234,21.0821,1983,42,63000.0,63000.0,157500.0,1500.0,1.57,39.2
Nesanitarne deponije,43.580309,22.262006,1950,75,9750000.0,9750000.0,24375000.0,130000.0,174.29,4357.13
Nesanitarne deponije,45.0888835,20.0496178,1981,44,682000.0,682000.0,1705000.0,15500.0,16.6,415.04
Nesanitarne deponije,45.0,20.0,1991,34,1234200.0,1234200.0,3085500.0,36300.0,33.67,841.66
Nesanitarne deponije,43.45,21.02,1970,55,262460.0,262460.0,656150.0,4772.0,5.68,142.05
Nesanitarne deponije,43.8781763,21.3475269,1975,50,1005500.0,1005500.0,2513750.0,20110.0,22.93,573.37
Nesanitarne deponije,45.592039,20.046126,1965,60,1200000.0,1200000.0,3000000.0,20000.0,24.7,617.51
Nesanitarne deponije,45.016111,19.846553,1984,41,738000.0,738000.0,1845000.0,18000.0,18.58,464.4
Nesanitarne deponije,43.73,20.71,1971,54,2252978.0,2252978.0,5632445.0,41721.81,49.28,1231.96
Nesanitarne deponije,42.48678,22.48848,1974,51,188700.0,188700.0,471750.0,3700.0,4.26,106.47
Nesanitarne deponije,45.787467,19.618383,1987,38,117800.0,117800.0,294500.0,3100.0,3.07,76.7
Nesanitarne deponije,43.2660422,21.7040037,2000,25,0.0,0.0,0.0,0.0,0.0,0.0
Nesanitarne deponije,43.2884718,21.8854718,1968,57,8564250.0,8564250.0,21410625.0,150250.0,181.66,4541.52
Nesanitarne deponije,44.0,21.0,1970,55,550000.0,550000.0,1375000.0,10000.0,11.91,297.67
Nesanitarne deponije,42.714218,22.140422,1981,44,367664.0,367664.0,919160.0,8356.0,8.95,223.74
Nesanitarne deponije,44.269656,19.9249978,1990,35,1330000.0,1330000.0,3325000.0,38000.0,35.86,896.47
Nesanitarne deponije,43.807785,21.872181,1994,31,89900.0,89900.0,224750.0,2900.0,2.54,63.51
Nesanitarne deponije,43.4576345,22.2032516,1987,38,152000.0,152000.0,380000.0,4000.0,3.96,98.97
Nesanitarne deponije,45.2363348,21.1289255,1980,45,126000.0,126000.0,315000.0,2800.0,3.03,75.84
Nesanitarne deponije,44.7457,21.5464,1992,33,284.7,284.7,711.75,8.63,0.01,0.2
Nesanitarne deponije,43.966106,22.357016,1965,60,1086000.0,1086000.0,2715000.0,18100.0,22.35,558.84
Nesanitarne deponije,44.62,20.2,1985,40,2800000.0,2800000.0,7000000.0,70000.0,71.28,1781.98
Nesanitarne deponije,43.7460333,19.7044344,1981,44,0.0,0.0,0.0,0.0,0.0,0.0
Nesanitarne deponije,43.7105736,19.6739422,2002,23,154.0,154.0,385.0,6.7,0.0,0.12
